,Survived,Pclass,Age,Fare,Family_label,Ticket_Class,Sex_female,Sex_male,Embarked_C,Embarked_Q,Embarked_S,Title_Master,Title_Miss,Title_Mr,Title_Mrs,Title_Officer,Title_Royalty,Deck_A,Deck_B,Deck_C,Deck_D,Deck_E,Deck_F,Deck_G,Deck_T,Deck_U
0,0.0,3,22.0,7.25,2,1,0,1,0,0,1,0,0,1,0,0,0,0,0,0,0,0,0,0,0,1
1,1.0,1,38.0,71.2833,2,2,1,0,1,0,0,0,0,0,1,0,0,0,0,1,0,0,0,0,0,0
2,1.0,3,26.0,7.925,1,1,1,0,0,0,1,0,1,0,0,0,0,0,0,0,0,0,0,0,0,1
3,1.0,1,35.0,53.1,2,2,1,0,0,0,1,0,0,0,1,0,0,0,0,1,0,0,0,0,0,0
4,0.0,3,35.0,8.05,1,1,0,1,0,0,1,0,0,1,0,0,0,0,0,0,0,0,0,0,0,1
5,0.0,3,28.22625599477246,8.4583,1,1,0,1,0,1,0,0,0,1,0,0,0,0,0,0,0,0,0,0,0,1
6,0.0,1,54.0,51.8625,1,2,0,1,0,0,1,0,0,1,0,0,0,0,0,0,0,1,0,0,0,0
7,0.0,3,2.0,21.075,1,1,0,1,0,0,1,1,0,0,0,0,0,0,0,0,0,0,0,0,0,1
8,1.0,3,27.0,11.1333,2,2,1,0,0,0,1,0,0,0,1,0,0,0,0,0,0,0,0,0,0,1
9,1.0,2,14.0,30.0708,2,2,1,0,1,0,0,0,0,0,1,0,0,0,0,0,0,0,0,0,0,1
10,1.0,3,4.0,16.7,2,2,1,0,0,0,1,0,1,0,0,0,0,0,0,0,0,0,0,1,0,0
11,1.0,1,58.0,26.55,1,1,1,0,0,0,1,0,1,0,0,0,0,0,0,1,0,0,0,0,0,0
12,0.0,3,20.0,8.05,1,1,0,1,0,0,1,0,0,1,0,0,0,0,0,0,0,0,0,0,0,1
13,0.0,3,39.0,31.275,1,1,0,1,0,0,1,0,0,1,0,0,0,0,0,0,0,0,0,0,0,1
14,0.0,3,14.0,7.8542,1,1,1,0,0,0,1,0,1,0,0,0,0,0,0,0,0,0,0,0,0,1
15,1.0,2,55.0,16.0,1,1,1,0,0,0,1,0,0,0,1,0,0,0,0,0,0,0,0,0,0,1
16,0.0,3,2.0,29.125,1,1,0,1,0,1,0,1,0,0,0,0,0,0,0,0,0,0,0,0,0,1
17,1.0,2,32.535640595957396,13.0,1,1,0,1,0,0,1,0,0,1,0,0,0,0,0,0,0,0,0,0,0,1
18,0.0,3,31.0,18.0,2,2,1,0,0,0,1,0,0,0,1,0,0,0,0,0,0,0,0,0,0,1
19,1.0,3,32.49434306285119,7.225,1,1,1,0,1,0,0,0,0,0,1,0,0,0,0,0,0,0,0,0,0,1
20,0.0,2,35.0,26.0,1,2,0,1,0,0,1,0,0,1,0,0,0,0,0,0,0,0,0,0,0,1
21,1.0,2,34.0,13.0,1,1,0,1,0,0,1,0,0,1,0,0,0,0,0,0,1,0,0,0,0,0
22,1.0,3,15.0,8.0292,1,1,1,0,0,1,0,0,1,0,0,0,0,0,0,0,0,0,0,0,0,1
23,1.0,1,28.0,35.5,1,1,0,1,0,0,1,0,0,1,0,0,0,1,0,0,0,0,0,0,0,0
24,0.0,3,8.0,21.075,1,1,1,0,0,0,1,0,1,0,0,0,0,0,0,0,0,0,0,0,0,1
25,1.0,3,38.0,31.3875,1,1,1,0,0,0,1,0,0,0,1,0,0,0,0,0,0,0,0,0,0,1
26,0.0,3,28.22625599477246,7.225,1,1,0,1,1,0,0,0,0,1,0,0,0,0,0,0,0,0,0,0,0,1
27,0.0,1,19.0,263.0,1,1,0,1,0,0,1,0,0,1,0,0,0,0,0,1,0,0,0,0,0,0
28,1.0,3,17.33372950649182,7.8792,1,1,1,0,0,1,0,0,1,0,0,0,0,0,0,0,0,0,0,0,0,1
29,0.0,3,28.22625599477246,7.8958,1,1,0,1,0,0,1,0,0,1,0,0,0,0,0,0,0,0,0,0,0,1
30,0.0,1,40.0,27.7208,1,1,0,1,1,0,0,0,0,0,0,0,1,0,0,0,0,0,0,0,0,1
31,1.0,1,43.11469647488398,146.5208,2,2,1,0,1,0,0,0,0,0,1,0,0,0,1,0,0,0,0,0,0,0
32,1.0,3,17.33372950649182,7.75,1,1,1,0,0,1,0,0,1,0,0,0,0,0,0,0,0,0,0,0,0,1
33,0.0,2,66.0,10.5,1,1,0,1,0,0,1,0,0,1,0,0,0,0,0,0,0,0,0,0,0,1
34,0.0,1,28.0,82.1708,2,2,0,1,1,0,0,0,0,1,0,0,0,0,0,0,0,0,0,0,0,1
35,0.0,1,42.0,52.0,2,2,0,1,0,0,1,0,0,1,0,0,0,0,0,0,0,0,0,0,0,1
36,1.0,3,28.22625599477246,7.2292,1,1,0,1,1,0,0,0,0,1,0,0,0,0,0,0,0,0,0,0,0,1
37,0.0,3,21.0,8.05,1,1,0,1,0,0,1,0,0,1,0,0,0,0,0,0,0,0,0,0,0,1
38,0.0,3,18.0,18.0,2,2,1,0,0,0,1,0,1,0,0,0,0,0,0,0,0,0,0,0,0,1
39,1.0,3,14.0,11.2417,2,2,1,0,1,0,0,0,1,0,0,0,0,0,0,0,0,0,0,0,0,1
40,0.0,3,40.0,9.475,2,1,1,0,0,0,1,0,0,0,1,0,0,0,0,0,0,0,0,0,0,1
41,0.0,2,27.0,21.0,2,2,1,0,0,0,1,0,0,0,1,0,0,0,0,0,0,0,0,0,0,1
42,0.0,3,28.22625599477246,7.8958,1,1,0,1,1,0,0,0,0,1,0,0,0,0,0,0,0,0,0,0,0,1
43,1.0,2,3.0,41.5792,2,2,1,0,1,0,0,0,1,0,0,0,0,0,0,0,0,0,0,0,0,1
44,1.0,3,19.0,7.8792,1,1,1,0,0,1,0,0,1,0,0,0,0,0,0,0,0,0,0,0,0,1
45,0.0,3,28.22625599477246,8.05,1,1,0,1,0,0,1,0,0,1,0,0,0,0,0,0,0,0,0,0,0,1
46,0.0,3,28.22625599477246,15.5,2,2,0,1,0,1,0,0,0,1,0,0,0,0,0,0,0,0,0,0,0,1
47,1.0,3,17.33372950649182,7.75,1,1,1,0,0,1,0,0,1,0,0,0,0,0,0,0,0,0,0,0,0,1
48,0.0,3,28.22625599477246,21.6792,2,2,0,1,1,0,0,0,0,1,0,0,0,0,0,0,0,0,0,0,0,1
49,0.0,3,18.0,17.8,2,2,1,0,0,0,1,0,0,0,1,0,0,0,0,0,0,0,0,0,0,1
50,0.0,3,7.0,39.6875,1,1,0,1,0,0,1,1,0,0,0,0,0,0,0,0,0,0,0,0,0,1
51,0.0,3,21.0,7.8,1,1,0,1,0,0,1,0,0,1,0,0,0,0,0,0,0,0,0,0,0,1
52,1.0,1,49.0,76.7292,2,2,1,0,1,0,0,0,0,0,1,0,0,0,0,0,1,0,0,0,0,0
53,1.0,2,29.0,26.0,2,2,1,0,0,0,1,0,0,0,1,0,0,0,0,0,0,0,0,0,0,1
54,0.0,1,65.0,61.9792,2,2,0,1,1,0,0,0,0,1,0,0,0,0,1,0,0,0,0,0,0,0
55,1.0,1,41.51911940270861,35.5,1,1,0,1,0,0,1,0,0,1,0,0,0,0,0,1,0,0,0,0,0,0
56,1.0,2,21.0,10.5,1,1,1,0,0,0,1,0,1,0,0,0,0,0,0,0,0,0,0,0,0,1
57,0.0,3,28.5,7.2292,1,1,0,1,1,0,0,0,0,1,0,0,0,0,0,0,0,0,0,0,0,1
58,1.0,2,5.0,27.75,2,2,1,0,0,0,1,0,1,0,0,0,0,0,0,0,0,0,0,0,0,1
59,0.0,3,11.0,46.9,0,1,0,1,0,0,1,1,0,0,0,0,0,0,0,0,0,0,0,0,0,1
60,0.0,3,22.0,7.2292,1,1,0,1,1,0,0,0,0,1,0,0,0,0,0,0,0,0,0,0,0,1
61,1.0,1,38.0,80.0,1,2,1,0,1,0,0,0,1,0,0,0,0,0,1,0,0,0,0,0,0,0
62,0.0,1,45.0,83.475,2,2,0,1,0,0,1,0,0,1,0,0,0,0,0,1,0,0,0,0,0,0
63,0.0,3,4.0,27.9,1,1,0,1,0,0,1,1,0,0,0,0,0,0,0,0,0,0,0,0,0,1
64,0.0,1,41.51911940270861,27.7208,1,1,0,1,1,0,0,0,0,1,0,0,0,0,0,0,0,0,0,0,0,1
65,1.0,3,6.035598611570745,15.2458,2,2,0,1,1,0,0,1,0,0,0,0,0,0,0,0,0,0,0,0,0,1
66,1.0,2,29.0,10.5,1,1,1,0,0,0,1,0,0,0,1,0,0,0,0,0,0,0,1,0,0,0
67,0.0,3,19.0,8.1583,1,1,0,1,0,0,1,0,0,1,0,0,0,0,0,0,0,0,0,0,0,1
68,1.0,3,17.0,7.925,1,1,1,0,0,0,1,0,1,0,0,0,0,0,0,0,0,0,0,0,0,1
69,0.0,3,26.0,8.6625,2,1,0,1,0,0,1,0,0,1,0,0,0,0,0,0,0,0,0,0,0,1
70,0.0,2,32.0,10.5,1,1,0,1,0,0,1,0,0,1,0,0,0,0,0,0,0,0,0,0,0,1
71,0.0,3,16.0,46.9,0,1,1,0,0,0,1,0,1,0,0,0,0,0,0,0,0,0,0,0,0,1
72,0.0,2,21.0,73.5,1,1,0,1,0,0,1,0,0,1,0,0,0,0,0,0,0,0,0,0,0,1
73,0.0,3,26.0,14.4542,2,2,0,1,1,0,0,0,0,1,0,0,0,0,0,0,0,0,0,0,0,1
74,1.0,3,32.0,56.4958,1,1,0,1,0,0,1,0,0,1,0,0,0,0,0,0,0,0,0,0,0,1
75,0.0,3,25.0,7.65,1,1,0,1,0,0,1,0,0,1,0,0,0,0,0,0,0,0,1,0,0,0
76,0.0,3,28.22625599477246,7.8958,1,1,0,1,0,0,1,0,0,1,0,0,0,0,0,0,0,0,0,0,0,1
77,0.0,3,28.22625599477246,8.05,1,1,0,1,0,0,1,0,0,1,0,0,0,0,0,0,0,0,0,0,0,1
78,1.0,2,0.83,29.0,2,2,0,1,0,0,1,1,0,0,0,0,0,0,0,0,0,0,0,0,0,1
79,1.0,3,30.0,12.475,1,2,1,0,0,0,1,0,1,0,0,0,0,0,0,0,0,0,0,0,0,1
80,0.0,3,22.0,9.0,1,1,0,1,0,0,1,0,0,1,0,0,0,0,0,0,0,0,0,0,0,1
81,1.0,3,29.0,9.5,1,1,0,1,0,0,1,0,0,1,0,0,0,0,0,0,0,0,0,0,0,1
82,1.0,3,17.33372950649182,7.7875,1,1,1,0,0,1,0,0,1,0,0,0,0,0,0,0,0,0,0,0,0,1
83,0.0,1,28.0,47.1,1,2,0,1,0,0,1,0,0,1,0,0,0,0,0,0,0,0,0,0,0,1
84,1.0,2,17.0,10.5,1,1,1,0,0,0,1,0,1,0,0,0,0,0,0,0,0,0,0,0,0,1
85,1.0,3,33.0,15.85,2,2,1,0,0,0,1,0,0,0,1,0,0,0,0,0,0,0,0,0,0,1
86,0.0,3,16.0,34.375,1,1,0,1,0,0,1,0,0,1,0,0,0,0,0,0,0,0,0,0,0,1
87,0.0,3,28.22625599477246,8.05,1,1,0,1,0,0,1,0,0,1,0,0,0,0,0,0,0,0,0,0,0,1
88,1.0,1,23.0,263.0,1,1,1,0,0,0,1,0,1,0,0,0,0,0,0,1,0,0,0,0,0,0
89,0.0,3,24.0,8.05,1,1,0,1,0,0,1,0,0,1,0,0,0,0,0,0,0,0,0,0,0,1
90,0.0,3,29.0,8.05,1,1,0,1,0,0,1,0,0,1,0,0,0,0,0,0,0,0,0,0,0,1
91,0.0,3,20.0,7.8542,1,1,0,1,0,0,1,0,0,1,0,0,0,0,0,0,0,0,0,0,0,1
92,0.0,1,46.0,61.175,2,2,0,1,0,0,1,0,0,1,0,0,0,0,0,0,0,1,0,0,0,0
93,0.0,3,26.0,20.575,2,2,0,1,0,0,1,0,0,1,0,0,0,0,0,0,0,0,0,0,0,1
94,0.0,3,59.0,7.25,1,1,0,1,0,0,1,0,0,1,0,0,0,0,0,0,0,0,0,0,0,1
95,0.0,3,28.22625599477246,8.05,1,1,0,1,0,0,1,0,0,1,0,0,0,0,0,0,0,0,0,0,0,1
96,0.0,1,71.0,34.6542,1,1,0,1,1,0,0,0,0,1,0,0,0,1,0,0,0,0,0,0,0,0
97,1.0,1,23.0,63.3583,2,2,0,1,1,0,0,0,0,1,0,0,0,0,0,0,1,0,0,0,0,0
98,1.0,2,34.0,23.0,2,2,1,0,0,0,1,0,0,0,1,0,0,0,0,0,0,0,0,0,0,1
99,0.0,2,34.0,26.0,2,2,0,1,0,0,1,0,0,1,0,0,0,0,0,0,0,0,0,0,0,1
100,0.0,3,28.0,7.8958,1,1,1,0,0,0,1,0,1,0,0,0,0,0,0,0,0,0,0,0,0,1
101,0.0,3,28.22625599477246,7.8958,1,1,0,1,0,0,1,0,0,1,0,0,0,0,0,0,0,0,0,0,0,1
102,0.0,1,21.0,77.2875,2,2,0,1,0,0,1,0,0,1,0,0,0,0,0,0,1,0,0,0,0,0
103,0.0,3,33.0,8.6542,1,1,0,1,0,0,1,0,0,1,0,0,0,0,0,0,0,0,0,0,0,1
104,0.0,3,37.0,7.925,2,1,0,1,0,0,1,0,0,1,0,0,0,0,0,0,0,0,0,0,0,1
105,0.0,3,28.0,7.8958,1,1,0,1,0,0,1,0,0,1,0,0,0,0,0,0,0,0,0,0,0,1
106,1.0,3,21.0,7.65,1,1,1,0,0,0,1,0,1,0,0,0,0,0,0,0,0,0,0,0,0,1
107,1.0,3,28.22625599477246,7.775,1,1,0,1,0,0,1,0,0,1,0,0,0,0,0,0,0,0,0,0,0,1
108,0.0,3,38.0,7.8958,1,1,0,1,0,0,1,0,0,1,0,0,0,0,0,0,0,0,0,0,0,1
109,1.0,3,17.33372950649182,24.15,2,2,1,0,0,1,0,0,1,0,0,0,0,0,0,0,0,0,0,0,0,1
110,0.0,1,47.0,52.0,1,2,0,1,0,0,1,0,0,1,0,0,0,0,0,1,0,0,0,0,0,0
111,0.0,3,14.5,14.4542,2,2,1,0,1,0,0,0,1,0,0,0,0,0,0,0,0,0,0,0,0,1
112,0.0,3,22.0,8.05,1,1,0,1,0,0,1,0,0,1,0,0,0,0,0,0,0,0,0,0,0,1
113,0.0,3,20.0,9.825,2,1,1,0,0,0,1,0,1,0,0,0,0,0,0,0,0,0,0,0,0,1
114,0.0,3,17.0,14.4583,1,2,1,0,1,0,0,0,1,0,0,0,0,0,0,0,0,0,0,0,0,1
115,0.0,3,21.0,7.925,1,1,0,1,0,0,1,0,0,1,0,0,0,0,0,0,0,0,0,0,0,1
116,0.0,3,70.5,7.75,1,1,0,1,0,1,0,0,0,1,0,0,0,0,0,0,0,0,0,0,0,1
117,0.0,2,29.0,21.0,2,2,0,1,0,0,1,0,0,1,0,0,0,0,0,0,0,0,0,0,0,1
118,0.0,1,24.0,247.5208,2,2,0,1,1,0,0,0,0,1,0,0,0,0,1,0,0,0,0,0,0,0
119,0.0,3,2.0,31.275,1,1,1,0,0,0,1,0,1,0,0,0,0,0,0,0,0,0,0,0,0,1
120,0.0,2,21.0,73.5,2,1,0,1,0,0,1,0,0,1,0,0,0,0,0,0,0,0,0,0,0,1
121,0.0,3,28.22625599477246,8.05,1,1,0,1,0,0,1,0,0,1,0,0,0,0,0,0,0,0,0,0,0,1
122,0.0,2,32.5,30.0708,2,2,0,1,1,0,0,0,0,1,0,0,0,0,0,0,0,0,0,0,0,1
123,1.0,2,32.5,13.0,1,1,1,0,0,0,1,0,1,0,0,0,0,0,0,0,0,1,0,0,0,0
124,0.0,1,54.0,77.2875,2,2,0,1,0,0,1,0,0,1,0,0,0,0,0,0,1,0,0,0,0,0
125,1.0,3,12.0,11.2417,2,2,0,1,1,0,0,1,0,0,0,0,0,0,0,0,0,0,0,0,0,1
126,0.0,3,28.22625599477246,7.75,1,1,0,1,0,1,0,0,0,1,0,0,0,0,0,0,0,0,0,0,0,1
127,1.0,3,24.0,7.1417,1,1,0,1,0,0,1,0,0,1,0,0,0,0,0,0,0,0,0,0,0,1
128,1.0,3,17.33372950649182,22.3583,2,2,1,0,1,0,0,0,1,0,0,0,0,0,0,0,0,0,1,0,0,0
129,0.0,3,45.0,6.975,1,1,0,1,0,0,1,0,0,1,0,0,0,0,0,0,0,0,0,0,0,1
130,0.0,3,33.0,7.8958,1,1,0,1,1,0,0,0,0,1,0,0,0,0,0,0,0,0,0,0,0,1
131,0.0,3,20.0,7.05,1,1,0,1,0,0,1,0,0,1,0,0,0,0,0,0,0,0,0,0,0,1
132,0.0,3,47.0,14.5,2,2,1,0,0,0,1,0,0,0,1,0,0,0,0,0,0,0,0,0,0,1
133,1.0,2,29.0,26.0,2,2,1,0,0,0,1,0,0,0,1,0,0,0,0,0,0,0,0,0,0,1
134,0.0,2,25.0,13.0,1,1,0,1,0,0,1,0,0,1,0,0,0,0,0,0,0,0,0,0,0,1
135,0.0,2,23.0,15.0458,1,1,0,1,1,0,0,0,0,1,0,0,0,0,0,0,0,0,0,0,0,1
136,1.0,1,19.0,26.2833,2,1,1,0,0,0,1,0,1,0,0,0,0,0,0,0,1,0,0,0,0,0
137,0.0,1,37.0,53.1,2,2,0,1,0,0,1,0,0,1,0,0,0,0,0,1,0,0,0,0,0,0
138,0.0,3,16.0,9.2167,1,2,0,1,0,0,1,0,0,1,0,0,0,0,0,0,0,0,0,0,0,1
139,0.0,1,24.0,79.2,1,2,0,1,1,0,0,0,0,1,0,0,0,0,1,0,0,0,0,0,0,0
140,0.0,3,32.49434306285119,15.2458,2,2,1,0,1,0,0,0,0,0,1,0,0,0,0,0,0,0,0,0,0,1
141,1.0,3,22.0,7.75,1,1,1,0,0,0,1,0,1,0,0,0,0,0,0,0,0,0,0,0,0,1
142,1.0,3,24.0,15.85,2,2,1,0,0,0,1,0,0,0,1,0,0,0,0,0,0,0,0,0,0,1
143,0.0,3,19.0,6.75,1,1,0,1,0,1,0,0,0,1,0,0,0,0,0,0,0,0,0,0,0,1
144,0.0,2,18.0,11.5,1,1,0,1,0,0,1,0,0,1,0,0,0,0,0,0,0,0,0,0,0,1
145,0.0,2,19.0,36.75,2,2,0,1,0,0,1,0,0,1,0,0,0,0,0,0,0,0,0,0,0,1
146,1.0,3,27.0,7.7958,1,1,0,1,0,0,1,0,0,1,0,0,0,0,0,0,0,0,0,0,0,1
147,0.0,3,9.0,34.375,1,1,1,0,0,0,1,0,1,0,0,0,0,0,0,0,0,0,0,0,0,1
148,0.0,2,36.5,26.0,2,2,0,1,0,0,1,0,0,1,0,0,0,0,0,0,0,0,1,0,0,0
149,0.0,2,42.0,13.0,1,1,0,1,0,0,1,0,0,0,0,1,0,0,0,0,0,0,0,0,0,1
150,0.0,2,51.0,12.525,1,1,0,1,0,0,1,0,0,0,0,1,0,0,0,0,0,0,0,0,0,1
151,1.0,1,22.0,66.6,2,2,1,0,0,0,1,0,0,0,1,0,0,0,0,1,0,0,0,0,0,0
152,0.0,3,55.5,8.05,1,1,0,1,0,0,1,0,0,1,0,0,0,0,0,0,0,0,0,0,0,1
153,0.0,3,40.5,14.5,2,2,0,1,0,0,1,0,0,1,0,0,0,0,0,0,0,0,0,0,0,1
154,0.0,3,28.22625599477246,7.3125,1,1,0,1,0,0,1,0,0,1,0,0,0,0,0,0,0,0,0,0,0,1
155,0.0,1,51.0,61.3792,2,2,0,1,1,0,0,0,0,1,0,0,0,0,0,0,0,0,0,0,0,1
156,1.0,3,16.0,7.7333,1,1,1,0,0,1,0,0,1,0,0,0,0,0,0,0,0,0,0,0,0,1
157,0.0,3,30.0,8.05,1,1,0,1,0,0,1,0,0,1,0,0,0,0,0,0,0,0,0,0,0,1
158,0.0,3,28.22625599477246,8.6625,1,1,0,1,0,0,1,0,0,1,0,0,0,0,0,0,0,0,0,0,0,1
159,0.0,3,6.035598611570745,69.55,0,0,0,1,0,0,1,1,0,0,0,0,0,0,0,0,0,0,0,0,0,1
160,0.0,3,44.0,16.1,2,2,0,1,0,0,1,0,0,1,0,0,0,0,0,0,0,0,0,0,0,1
161,1.0,2,40.0,15.75,1,2,1,0,0,0,1,0,0,0,1,0,0,0,0,0,0,0,0,0,0,1
162,0.0,3,26.0,7.775,1,1,0,1,0,0,1,0,0,1,0,0,0,0,0,0,0,0,0,0,0,1
163,0.0,3,17.0,8.6625,1,1,0,1,0,0,1,0,0,1,0,0,0,0,0,0,0,0,0,0,0,1
164,0.0,3,1.0,39.6875,1,1,0,1,0,0,1,1,0,0,0,0,0,0,0,0,0,0,0,0,0,1
165,1.0,3,9.0,20.525,2,2,0,1,0,0,1,1,0,0,0,0,0,0,0,0,0,0,0,0,0,1
166,1.0,1,43.11469647488398,55.0,2,2,1,0,0,0,1,0,0,0,1,0,0,0,0,0,0,1,0,0,0,0
167,0.0,3,45.0,27.9,1,1,1,0,0,0,1,0,0,0,1,0,0,0,0,0,0,0,0,0,0,1
168,0.0,1,41.51911940270861,25.925,1,1,0,1,0,0,1,0,0,1,0,0,0,0,0,0,0,0,0,0,0,1
169,0.0,3,28.0,56.4958,1,1,0,1,0,0,1,0,0,1,0,0,0,0,0,0,0,0,0,0,0,1
170,0.0,1,61.0,33.5,1,1,0,1,0,0,1,0,0,1,0,0,0,0,1,0,0,0,0,0,0,0
171,0.0,3,4.0,29.125,1,1,0,1,0,1,0,1,0,0,0,0,0,0,0,0,0,0,0,0,0,1
172,1.0,3,1.0,11.1333,2,2,1,0,0,0,1,0,1,0,0,0,0,0,0,0,0,0,0,0,0,1
173,0.0,3,21.0,7.925,1,1,0,1,0,0,1,0,0,1,0,0,0,0,0,0,0,0,0,0,0,1
174,0.0,1,56.0,30.6958,1,1,0,1,1,0,0,0,0,1,0,0,0,1,0,0,0,0,0,0,0,0
175,0.0,3,18.0,7.8542,2,1,0,1,0,0,1,0,0,1,0,0,0,0,0,0,0,0,0,0,0,1
176,0.0,3,6.035598611570745,25.4667,1,1,0,1,0,0,1,1,0,0,0,0,0,0,0,0,0,0,0,0,0,1
177,0.0,1,50.0,28.7125,1,1,1,0,1,0,0,0,1,0,0,0,0,0,0,1,0,0,0,0,0,0
178,0.0,2,30.0,13.0,1,1,0,1,0,0,1,0,0,1,0,0,0,0,0,0,0,0,0,0,0,1
179,0.0,3,36.0,0.0,1,2,0,1,0,0,1,0,0,1,0,0,0,0,0,0,0,0,0,0,0,1
180,0.0,3,17.33372950649182,69.55,0,0,1,0,0,0,1,0,1,0,0,0,0,0,0,0,0,0,0,0,0,1
181,0.0,2,32.535640595957396,15.05,1,1,0,1,1,0,0,0,0,1,0,0,0,0,0,0,0,0,0,0,0,1
182,0.0,3,9.0,31.3875,1,1,0,1,0,0,1,1,0,0,0,0,0,0,0,0,0,0,0,0,0,1
183,1.0,2,1.0,39.0,2,2,0,1,0,0,1,1,0,0,0,0,0,0,0,0,0,0,1,0,0,0
184,1.0,3,4.0,22.025,2,2,1,0,0,0,1,0,1,0,0,0,0,0,0,0,0,0,0,0,0,1
185,0.0,1,41.51911940270861,50.0,1,1,0,1,0,0,1,0,0,1,0,0,0,1,0,0,0,0,0,0,0,0
186,1.0,3,32.49434306285119,15.5,2,2,1,0,0,1,0,0,0,0,1,0,0,0,0,0,0,0,0,0,0,1
187,1.0,1,45.0,26.55,1,1,0,1,0,0,1,0,0,1,0,0,0,0,0,0,0,0,0,0,0,1
188,0.0,3,40.0,15.5,2,2,0,1,0,1,0,0,0,1,0,0,0,0,0,0,0,0,0,0,0,1
189,0.0,3,36.0,7.8958,1,1,0,1,0,0,1,0,0,1,0,0,0,0,0,0,0,0,0,0,0,1
190,1.0,2,32.0,13.0,1,1,1,0,0,0,1,0,0,0,1,0,0,0,0,0,0,0,0,0,0,1
191,0.0,2,19.0,13.0,1,1,0,1,0,0,1,0,0,1,0,0,0,0,0,0,0,0,0,0,0,1
192,1.0,3,19.0,7.8542,2,1,1,0,0,0,1,0,1,0,0,0,0,0,0,0,0,0,0,0,0,1
193,1.0,2,3.0,26.0,2,2,0,1,0,0,1,1,0,0,0,0,0,0,0,0,0,0,1,0,0,0
194,1.0,1,44.0,27.7208,1,1,1,0,1,0,0,0,0,0,1,0,0,0,1,0,0,0,0,0,0,0
195,1.0,1,58.0,146.5208,1,2,1,0,1,0,0,0,1,0,0,0,0,0,1,0,0,0,0,0,0,0
196,0.0,3,28.22625599477246,7.75,1,1,0,1,0,1,0,0,0,1,0,0,0,0,0,0,0,0,0,0,0,1
197,0.0,3,42.0,8.4042,2,1,0,1,0,0,1,0,0,1,0,0,0,0,0,0,0,0,0,0,0,1
198,1.0,3,17.33372950649182,7.75,1,1,1,0,0,1,0,0,1,0,0,0,0,0,0,0,0,0,0,0,0,1
199,0.0,2,24.0,13.0,1,1,1,0,0,0,1,0,1,0,0,0,0,0,0,0,0,0,0,0,0,1
200,0.0,3,28.0,9.5,1,1,0,1,0,0,1,0,0,1,0,0,0,0,0,0,0,0,0,0,0,1
201,0.0,3,28.22625599477246,69.55,0,0,0,1,0,0,1,0,0,1,0,0,0,0,0,0,0,0,0,0,0,1
202,0.0,3,34.0,6.4958,1,1,0,1,0,0,1,0,0,1,0,0,0,0,0,0,0,0,0,0,0,1
203,0.0,3,45.5,7.225,1,1,0,1,1,0,0,0,0,1,0,0,0,0,0,0,0,0,0,0,0,1
204,1.0,3,18.0,8.05,1,1,0,1,0,0,1,0,0,1,0,0,0,0,0,0,0,0,0,0,0,1
205,0.0,3,2.0,10.4625,2,2,1,0,0,0,1,0,1,0,0,0,0,0,0,0,0,0,0,1,0,0
206,0.0,3,32.0,15.85,2,2,0,1,0,0,1,0,0,1,0,0,0,0,0,0,0,0,0,0,0,1
207,1.0,3,26.0,18.7875,1,2,0,1,1,0,0,0,0,1,0,0,0,0,0,0,0,0,0,0,0,1
208,1.0,3,16.0,7.75,1,1,1,0,0,1,0,0,1,0,0,0,0,0,0,0,0,0,0,0,0,1
209,1.0,1,40.0,31.0,1,1,0,1,1,0,0,0,0,1,0,0,0,1,0,0,0,0,0,0,0,0
210,0.0,3,24.0,7.05,1,1,0,1,0,0,1,0,0,1,0,0,0,0,0,0,0,0,0,0,0,1
211,1.0,2,35.0,21.0,1,2,1,0,0,0,1,0,1,0,0,0,0,0,0,0,0,0,0,0,0,1
212,0.0,3,22.0,7.25,1,1,0,1,0,0,1,0,0,1,0,0,0,0,0,0,0,0,0,0,0,1
213,0.0,2,30.0,13.0,1,1,0,1,0,0,1,0,0,1,0,0,0,0,0,0,0,0,0,0,0,1
214,0.0,3,28.22625599477246,7.75,2,1,0,1,0,1,0,0,0,1,0,0,0,0,0,0,0,0,0,0,0,1
215,1.0,1,31.0,113.275,2,2,1,0,1,0,0,0,1,0,0,0,0,0,0,0,1,0,0,0,0,0
216,1.0,3,27.0,7.925,1,1,1,0,0,0,1,0,1,0,0,0,0,0,0,0,0,0,0,0,0,1
217,0.0,2,42.0,27.0,2,2,0,1,0,0,1,0,0,1,0,0,0,0,0,0,0,0,0,0,0,1
218,1.0,1,32.0,76.2917,1,2,1,0,1,0,0,0,1,0,0,0,0,0,0,0,1,0,0,0,0,0
219,0.0,2,30.0,10.5,1,1,0,1,0,0,1,0,0,1,0,0,0,0,0,0,0,0,0,0,0,1
220,1.0,3,16.0,8.05,1,1,0,1,0,0,1,0,0,1,0,0,0,0,0,0,0,0,0,0,0,1
221,0.0,2,27.0,13.0,1,1,0,1,0,0,1,0,0,1,0,0,0,0,0,0,0,0,0,0,0,1
222,0.0,3,51.0,8.05,1,1,0,1,0,0,1,0,0,1,0,0,0,0,0,0,0,0,0,0,0,1
223,0.0,3,28.22625599477246,7.8958,1,1,0,1,0,0,1,0,0,1,0,0,0,0,0,0,0,0,0,0,0,1
224,1.0,1,38.0,90.0,2,2,0,1,0,0,1,0,0,1,0,0,0,0,0,1,0,0,0,0,0,0
225,0.0,3,22.0,9.35,1,1,0,1,0,0,1,0,0,1,0,0,0,0,0,0,0,0,0,0,0,1
226,1.0,2,19.0,10.5,1,1,0,1,0,0,1,0,0,1,0,0,0,0,0,0,0,0,0,0,0,1
227,0.0,3,20.5,7.25,1,1,0,1,0,0,1,0,0,1,0,0,0,0,0,0,0,0,0,0,0,1
228,0.0,2,18.0,13.0,1,1,0,1,0,0,1,0,0,1,0,0,0,0,0,0,0,0,0,0,0,1
229,0.0,3,17.33372950649182,25.4667,1,1,1,0,0,0,1,0,1,0,0,0,0,0,0,0,0,0,0,0,0,1
230,1.0,1,35.0,83.475,2,2,1,0,0,0,1,0,0,0,1,0,0,0,0,1,0,0,0,0,0,0
231,0.0,3,29.0,7.775,1,1,0,1,0,0,1,0,0,1,0,0,0,0,0,0,0,0,0,0,0,1
232,0.0,2,59.0,13.5,1,1,0,1,0,0,1,0,0,1,0,0,0,0,0,0,0,0,0,0,0,1
233,1.0,3,5.0,31.3875,1,1,1,0,0,0,1,0,1,0,0,0,0,0,0,0,0,0,0,0,0,1
234,0.0,2,24.0,10.5,1,1,0,1,0,0,1,0,0,1,0,0,0,0,0,0,0,0,0,0,0,1
235,0.0,3,17.33372950649182,7.55,1,1,1,0,0,0,1,0,1,0,0,0,0,0,0,0,0,0,0,0,0,1
236,0.0,2,44.0,26.0,2,2,0,1,0,0,1,0,0,1,0,0,0,0,0,0,0,0,0,0,0,1
237,1.0,2,8.0,26.25,2,2,1,0,0,0,1,0,1,0,0,0,0,0,0,0,0,0,0,0,0,1
238,0.0,2,19.0,10.5,1,1,0,1,0,0,1,0,0,1,0,0,0,0,0,0,0,0,0,0,0,1
239,0.0,2,33.0,12.275,1,1,0,1,0,0,1,0,0,1,0,0,0,0,0,0,0,0,0,0,0,1
240,0.0,3,17.33372950649182,14.4542,2,2,1,0,1,0,0,0,1,0,0,0,0,0,0,0,0,0,0,0,0,1
241,1.0,3,17.33372950649182,15.5,2,2,1,0,0,1,0,0,1,0,0,0,0,0,0,0,0,0,0,0,0,1
242,0.0,2,29.0,10.5,1,1,0,1,0,0,1,0,0,1,0,0,0,0,0,0,0,0,0,0,0,1
243,0.0,3,22.0,7.125,1,1,0,1,0,0,1,0,0,1,0,0,0,0,0,0,0,0,0,0,0,1
244,0.0,3,30.0,7.225,1,1,0,1,1,0,0,0,0,1,0,0,0,0,0,0,0,0,0,0,0,1
245,0.0,1,44.0,90.0,2,2,0,1,0,1,0,0,0,0,0,1,0,0,0,1,0,0,0,0,0,0
246,0.0,3,25.0,7.775,1,1,1,0,0,0,1,0,1,0,0,0,0,0,0,0,0,0,0,0,0,1
247,1.0,2,24.0,14.5,2,2,1,0,0,0,1,0,0,0,1,0,0,0,0,0,0,0,0,0,0,1
248,1.0,1,37.0,52.5542,2,2,0,1,0,0,1,0,0,1,0,0,0,0,0,0,1,0,0,0,0,0
249,0.0,2,54.0,26.0,2,2,0,1,0,0,1,0,0,0,0,1,0,0,0,0,0,0,0,0,0,1
250,0.0,3,28.22625599477246,7.25,1,1,0,1,0,0,1,0,0,1,0,0,0,0,0,0,0,0,0,0,0,1
251,0.0,3,29.0,10.4625,2,2,1,0,0,0,1,0,0,0,1,0,0,0,0,0,0,0,0,1,0,0
252,0.0,1,62.0,26.55,1,1,0,1,0,0,1,0,0,1,0,0,0,0,0,1,0,0,0,0,0,0
253,0.0,3,30.0,16.1,2,2,0,1,0,0,1,0,0,1,0,0,0,0,0,0,0,0,0,0,0,1
254,0.0,3,41.0,20.2125,2,2,1,0,0,0,1,0,0,0,1,0,0,0,0,0,0,0,0,0,0,1
255,1.0,3,29.0,15.2458,2,2,1,0,1,0,0,0,0,0,1,0,0,0,0,0,0,0,0,0,0,1
256,1.0,1,43.11469647488398,79.2,1,2,1,0,1,0,0,0,0,0,1,0,0,0,0,0,0,0,0,0,0,1
257,1.0,1,30.0,86.5,1,2,1,0,0,0,1,0,1,0,0,0,0,0,1,0,0,0,0,0,0,0
258,1.0,1,35.0,512.3292,1,2,1,0,1,0,0,0,1,0,0,0,0,0,0,0,0,0,0,0,0,1
259,1.0,2,50.0,26.0,2,2,1,0,0,0,1,0,0,0,1,0,0,0,0,0,0,0,0,0,0,1
260,0.0,3,28.22625599477246,7.75,1,1,0,1,0,1,0,0,0,1,0,0,0,0,0,0,0,0,0,0,0,1
261,1.0,3,3.0,31.3875,1,1,0,1,0,0,1,1,0,0,0,0,0,0,0,0,0,0,0,0,0,1
262,0.0,1,52.0,79.65,2,2,0,1,0,0,1,0,0,1,0,0,0,0,0,0,0,1,0,0,0,0
263,0.0,1,40.0,0.0,1,1,0,1,0,0,1,0,0,1,0,0,0,0,1,0,0,0,0,0,0,0
264,0.0,3,17.33372950649182,7.75,1,1,1,0,0,1,0,0,1,0,0,0,0,0,0,0,0,0,0,0,0,1
265,0.0,2,36.0,10.5,1,1,0,1,0,0,1,0,0,1,0,0,0,0,0,0,0,0,0,0,0,1
266,0.0,3,16.0,39.6875,1,1,0,1,0,0,1,0,0,1,0,0,0,0,0,0,0,0,0,0,0,1
267,1.0,3,25.0,7.775,2,1,0,1,0,0,1,0,0,1,0,0,0,0,0,0,0,0,0,0,0,1
268,1.0,1,58.0,153.4625,2,2,1,0,0,0,1,0,0,0,1,0,0,0,0,1,0,0,0,0,0,0
269,1.0,1,35.0,135.6333,1,2,1,0,0,0,1,0,1,0,0,0,0,0,0,1,0,0,0,0,0,0
270,0.0,1,41.51911940270861,31.0,1,2,0,1,0,0,1,0,0,1,0,0,0,0,0,0,0,0,0,0,0,1
271,1.0,3,25.0,0.0,1,2,0,1,0,0,1,0,0,1,0,0,0,0,0,0,0,0,0,0,0,1
272,1.0,2,41.0,19.5,2,2,1,0,0,0,1,0,0,0,1,0,0,0,0,0,0,0,0,0,0,1
273,0.0,1,37.0,29.7,2,1,0,1,1,0,0,0,0,1,0,0,0,0,0,1,0,0,0,0,0,0
274,1.0,3,17.33372950649182,7.75,1,1,1,0,0,1,0,0,1,0,0,0,0,0,0,0,0,0,0,0,0,1
275,1.0,1,63.0,77.9583,2,2,1,0,0,0,1,0,1,0,0,0,0,0,0,0,1,0,0,0,0,0
276,0.0,3,45.0,7.75,1,1,1,0,0,0,1,0,1,0,0,0,0,0,0,0,0,0,0,0,0,1
277,0.0,2,32.535640595957396,0.0,1,2,0,1,0,0,1,0,0,1,0,0,0,0,0,0,0,0,0,0,0,1
278,0.0,3,7.0,29.125,1,1,0,1,0,1,0,1,0,0,0,0,0,0,0,0,0,0,0,0,0,1
279,1.0,3,35.0,20.25,2,2,1,0,0,0,1,0,0,0,1,0,0,0,0,0,0,0,0,0,0,1
280,0.0,3,65.0,7.75,1,1,0,1,0,1,0,0,0,1,0,0,0,0,0,0,0,0,0,0,0,1
281,0.0,3,28.0,7.8542,1,1,0,1,0,0,1,0,0,1,0,0,0,0,0,0,0,0,0,0,0,1
282,0.0,3,16.0,9.5,1,1,0,1,0,0,1,0,0,1,0,0,0,0,0,0,0,0,0,0,0,1
283,1.0,3,19.0,8.05,1,1,0,1,0,0,1,0,0,1,0,0,0,0,0,0,0,0,0,0,0,1
284,0.0,1,41.51911940270861,26.0,1,1,0,1,0,0,1,0,0,1,0,0,0,1,0,0,0,0,0,0,0,0
285,0.0,3,33.0,8.6625,1,1,0,1,1,0,0,0,0,1,0,0,0,0,0,0,0,0,0,0,0,1
286,1.0,3,30.0,9.5,1,1,0,1,0,0,1,0,0,1,0,0,0,0,0,0,0,0,0,0,0,1
287,0.0,3,22.0,7.8958,1,1,0,1,0,0,1,0,0,1,0,0,0,0,0,0,0,0,0,0,0,1
288,1.0,2,42.0,13.0,1,1,0,1,0,0,1,0,0,1,0,0,0,0,0,0,0,0,0,0,0,1
289,1.0,3,22.0,7.75,1,1,1,0,0,1,0,0,1,0,0,0,0,0,0,0,0,0,0,0,0,1
290,1.0,1,26.0,78.85,1,2,1,0,0,0,1,0,1,0,0,0,0,0,0,0,0,0,0,0,0,1
291,1.0,1,19.0,91.0792,2,2,1,0,1,0,0,0,0,0,1,0,0,0,1,0,0,0,0,0,0,0
292,0.0,2,36.0,12.875,1,1,0,1,1,0,0,0,0,1,0,0,0,0,0,0,1,0,0,0,0,0
293,0.0,3,24.0,8.85,1,1,1,0,0,0,1,0,1,0,0,0,0,0,0,0,0,0,0,0,0,1
294,0.0,3,24.0,7.8958,1,1,0,1,0,0,1,0,0,1,0,0,0,0,0,0,0,0,0,0,0,1
295,0.0,1,41.51911940270861,27.7208,1,1,0,1,1,0,0,0,0,1,0,0,0,0,0,0,0,0,0,0,0,1
296,0.0,3,23.5,7.2292,1,1,0,1,1,0,0,0,0,1,0,0,0,0,0,0,0,0,0,0,0,1
297,0.0,1,2.0,151.55,2,1,1,0,0,0,1,0,1,0,0,0,0,0,0,1,0,0,0,0,0,0
298,1.0,1,41.51911940270861,30.5,1,1,0,1,0,0,1,0,0,1,0,0,0,0,0,1,0,0,0,0,0,0
299,1.0,1,50.0,247.5208,2,2,1,0,1,0,0,0,0,0,1,0,0,0,1,0,0,0,0,0,0,0
300,1.0,3,17.33372950649182,7.75,1,1,1,0,0,1,0,0,1,0,0,0,0,0,0,0,0,0,0,0,0,1
301,1.0,3,28.22625599477246,23.25,2,2,0,1,0,1,0,0,0,1,0,0,0,0,0,0,0,0,0,0,0,1
302,0.0,3,19.0,0.0,1,2,0,1,0,0,1,0,0,1,0,0,0,0,0,0,0,0,0,0,0,1
303,1.0,2,20.675191385898447,12.35,1,1,1,0,0,1,0,0,1,0,0,0,0,0,0,0,0,1,0,0,0,0
304,0.0,3,28.22625599477246,8.05,1,1,0,1,0,0,1,0,0,1,0,0,0,0,0,0,0,0,0,0,0,1
305,1.0,1,0.92,151.55,2,1,0,1,0,0,1,1,0,0,0,0,0,0,0,1,0,0,0,0,0,0
306,1.0,1,30.116390384991725,110.8833,1,2,1,0,1,0,0,0,1,0,0,0,0,0,0,0,0,0,0,0,0,1
307,1.0,1,17.0,108.9,2,2,1,0,1,0,0,0,0,0,1,0,0,0,0,1,0,0,0,0,0,0
308,0.0,2,30.0,24.0,2,2,0,1,1,0,0,0,0,1,0,0,0,0,0,0,0,0,0,0,0,1
309,1.0,1,30.0,56.9292,1,2,1,0,1,0,0,0,1,0,0,0,0,0,0,0,0,1,0,0,0,0
310,1.0,1,24.0,83.1583,1,2,1,0,1,0,0,0,1,0,0,0,0,0,0,1,0,0,0,0,0,0
311,1.0,1,18.0,262.375,1,1,1,0,1,0,0,0,1,0,0,0,0,0,1,0,0,0,0,0,0,0
312,0.0,2,26.0,26.0,2,2,1,0,0,0,1,0,0,0,1,0,0,0,0,0,0,0,0,0,0,1
313,0.0,3,28.0,7.8958,1,1,0,1,0,0,1,0,0,1,0,0,0,0,0,0,0,0,0,0,0,1
314,0.0,2,43.0,26.25,2,2,0,1,0,0,1,0,0,1,0,0,0,0,0,0,0,0,0,0,0,1
315,1.0,3,26.0,7.8542,1,1,1,0,0,0,1,0,1,0,0,0,0,0,0,0,0,0,0,0,0,1
316,1.0,2,24.0,26.0,2,2,1,0,0,0,1,0,0,0,1,0,0,0,0,0,0,0,0,0,0,1
317,0.0,2,54.0,14.0,1,1,0,1,0,0,1,0,0,0,0,1,0,0,0,0,0,0,0,0,0,1
318,1.0,1,31.0,164.8667,2,2,1,0,0,0,1,0,1,0,0,0,0,0,0,1,0,0,0,0,0,0
319,1.0,1,40.0,134.5,2,1,1,0,1,0,0,0,0,0,1,0,0,0,0,0,0,1,0,0,0,0
320,0.0,3,22.0,7.25,1,1,0,1,0,0,1,0,0,1,0,0,0,0,0,0,0,0,0,0,0,1
321,0.0,3,27.0,7.8958,1,1,0,1,0,0,1,0,0,1,0,0,0,0,0,0,0,0,0,0,0,1
322,1.0,2,30.0,12.35,1,1,1,0,0,1,0,0,1,0,0,0,0,0,0,0,0,0,0,0,0,1
323,1.0,2,22.0,29.0,2,2,1,0,0,0,1,0,0,0,1,0,0,0,0,0,0,0,0,0,0,1
324,0.0,3,28.22625599477246,69.55,0,0,0,1,0,0,1,0,0,1,0,0,0,0,0,0,0,0,0,0,0,1
325,1.0,1,36.0,135.6333,1,2,1,0,1,0,0,0,1,0,0,0,0,0,0,1,0,0,0,0,0,0
326,0.0,3,61.0,6.2375,1,1,0,1,0,0,1,0,0,1,0,0,0,0,0,0,0,0,0,0,0,1
327,1.0,2,36.0,13.0,1,1,1,0,0,0,1,0,0,0,1,0,0,0,0,0,1,0,0,0,0,0
328,1.0,3,31.0,20.525,2,2,1,0,0,0,1,0,0,0,1,0,0,0,0,0,0,0,0,0,0,1
329,1.0,1,16.0,57.9792,2,2,1,0,1,0,0,0,1,0,0,0,0,0,1,0,0,0,0,0,0,0
330,1.0,3,17.33372950649182,23.25,2,2,1,0,0,1,0,0,1,0,0,0,0,0,0,0,0,0,0,0,0,1
331,0.0,1,45.5,28.5,1,1,0,1,0,0,1,0,0,1,0,0,0,0,0,1,0,0,0,0,0,0
332,0.0,1,38.0,153.4625,2,2,0,1,0,0,1,0,0,1,0,0,0,0,0,1,0,0,0,0,0,0
333,0.0,3,16.0,18.0,2,2,0,1,0,0,1,0,0,1,0,0,0,0,0,0,0,0,0,0,0,1
334,1.0,1,43.11469647488398,133.65,2,2,1,0,0,0,1,0,0,0,1,0,0,0,0,0,0,0,0,0,0,1
335,0.0,3,28.22625599477246,7.8958,1,1,0,1,0,0,1,0,0,1,0,0,0,0,0,0,0,0,0,0,0,1
336,0.0,1,29.0,66.6,2,2,0,1,0,0,1,0,0,1,0,0,0,0,0,1,0,0,0,0,0,0
337,1.0,1,41.0,134.5,1,1,1,0,1,0,0,0,1,0,0,0,0,0,0,0,0,1,0,0,0,0
338,1.0,3,45.0,8.05,1,1,0,1,0,0,1,0,0,1,0,0,0,0,0,0,0,0,0,0,0,1
339,0.0,1,45.0,35.5,1,1,0,1,0,0,1,0,0,1,0,0,0,0,0,0,0,0,0,0,1,0
340,1.0,2,2.0,26.0,2,2,0,1,0,0,1,1,0,0,0,0,0,0,0,0,0,0,1,0,0,0
341,1.0,1,24.0,263.0,1,1,1,0,0,0,1,0,1,0,0,0,0,0,0,1,0,0,0,0,0,0
342,0.0,2,28.0,13.0,1,1,0,1,0,0,1,0,0,1,0,0,0,0,0,0,0,0,0,0,0,1
343,0.0,2,25.0,13.0,1,1,0,1,0,0,1,0,0,1,0,0,0,0,0,0,0,0,0,0,0,1
344,0.0,2,36.0,13.0,1,1,0,1,0,0,1,0,0,1,0,0,0,0,0,0,0,0,0,0,0,1
345,1.0,2,24.0,13.0,1,1,1,0,0,0,1,0,1,0,0,0,0,0,0,0,0,0,1,0,0,0
346,1.0,2,40.0,13.0,1,1,1,0,0,0,1,0,1,0,0,0,0,0,0,0,0,0,0,0,0,1
347,1.0,3,32.49434306285119,16.1,2,2,1,0,0,0,1,0,0,0,1,0,0,0,0,0,0,0,0,0,0,1
348,1.0,3,3.0,15.9,2,2,0,1,0,0,1,1,0,0,0,0,0,0,0,0,0,0,0,0,0,1
349,0.0,3,42.0,8.6625,1,1,0,1,0,0,1,0,0,1,0,0,0,0,0,0,0,0,0,0,0,1
350,0.0,3,23.0,9.225,1,1,0,1,0,0,1,0,0,1,0,0,0,0,0,0,0,0,0,0,0,1
351,0.0,1,41.51911940270861,35.0,1,1,0,1,0,0,1,0,0,1,0,0,0,0,0,1,0,0,0,0,0,0
352,0.0,3,15.0,7.2292,2,1,0,1,1,0,0,0,0,1,0,0,0,0,0,0,0,0,0,0,0,1
353,0.0,3,25.0,17.8,2,2,0,1,0,0,1,0,0,1,0,0,0,0,0,0,0,0,0,0,0,1
354,0.0,3,28.22625599477246,7.225,1,1,0,1,1,0,0,0,0,1,0,0,0,0,0,0,0,0,0,0,0,1
355,0.0,3,28.0,9.5,1,1,0,1,0,0,1,0,0,1,0,0,0,0,0,0,0,0,0,0,0,1
356,1.0,1,22.0,55.0,2,2,1,0,0,0,1,0,1,0,0,0,0,0,0,0,0,1,0,0,0,0
357,0.0,2,38.0,13.0,1,1,1,0,0,0,1,0,1,0,0,0,0,0,0,0,0,0,0,0,0,1
358,1.0,3,17.33372950649182,7.8792,1,1,1,0,0,1,0,0,1,0,0,0,0,0,0,0,0,0,0,0,0,1
359,1.0,3,17.33372950649182,7.8792,1,1,1,0,0,1,0,0,1,0,0,0,0,0,0,0,0,0,0,0,0,1
360,0.0,3,40.0,27.9,1,1,0,1,0,0,1,0,0,1,0,0,0,0,0,0,0,0,0,0,0,1
361,0.0,2,29.0,27.7208,2,2,0,1,1,0,0,0,0,1,0,0,0,0,0,0,0,0,0,0,0,1
362,0.0,3,45.0,14.4542,2,2,1,0,1,0,0,0,0,0,1,0,0,0,0,0,0,0,0,0,0,1
363,0.0,3,35.0,7.05,1,1,0,1,0,0,1,0,0,1,0,0,0,0,0,0,0,0,0,0,0,1
364,0.0,3,28.22625599477246,15.5,2,2,0,1,0,1,0,0,0,1,0,0,0,0,0,0,0,0,0,0,0,1
365,0.0,3,30.0,7.25,1,1,0,1,0,0,1,0,0,1,0,0,0,0,0,0,0,0,0,0,0,1
366,1.0,1,60.0,75.25,2,2,1,0,1,0,0,0,0,0,1,0,0,0,0,0,1,0,0,0,0,0
367,1.0,3,32.49434306285119,7.2292,1,1,1,0,1,0,0,0,0,0,1,0,0,0,0,0,0,0,0,0,0,1
368,1.0,3,17.33372950649182,7.75,1,1,1,0,0,1,0,0,1,0,0,0,0,0,0,0,0,0,0,0,0,1
369,1.0,1,24.0,69.3,1,2,1,0,1,0,0,0,0,0,1,0,0,0,1,0,0,0,0,0,0,0
370,1.0,1,25.0,55.4417,2,2,0,1,1,0,0,0,0,1,0,0,0,0,0,0,0,1,0,0,0,0
371,0.0,3,18.0,6.4958,2,1,0,1,0,0,1,0,0,1,0,0,0,0,0,0,0,0,0,0,0,1
372,0.0,3,19.0,8.05,1,1,0,1,0,0,1,0,0,1,0,0,0,0,0,0,0,0,0,0,0,1
373,0.0,1,22.0,135.6333,1,2,0,1,1,0,0,0,0,1,0,0,0,0,0,0,0,0,0,0,0,1
374,0.0,3,3.0,21.075,1,1,1,0,0,0,1,0,1,0,0,0,0,0,0,0,0,0,0,0,0,1
375,1.0,1,43.11469647488398,82.1708,2,2,1,0,1,0,0,0,0,0,1,0,0,0,0,0,0,0,0,0,0,1
376,1.0,3,22.0,7.25,1,1,1,0,0,0,1,0,1,0,0,0,0,0,0,0,0,0,0,0,0,1
377,0.0,1,27.0,211.5,2,1,0,1,1,0,0,0,0,1,0,0,0,0,0,1,0,0,0,0,0,0
378,0.0,3,20.0,4.0125,1,1,0,1,1,0,0,0,0,1,0,0,0,0,0,0,0,0,0,0,0,1
379,0.0,3,19.0,7.775,1,1,0,1,0,0,1,0,0,1,0,0,0,0,0,0,0,0,0,0,0,1
380,1.0,1,42.0,227.525,1,1,1,0,1,0,0,0,1,0,0,0,0,0,0,0,0,0,0,0,0,1
381,1.0,3,1.0,15.7417,2,2,1,0,1,0,0,0,1,0,0,0,0,0,0,0,0,0,0,0,0,1
382,0.0,3,32.0,7.925,1,1,0,1,0,0,1,0,0,1,0,0,0,0,0,0,0,0,0,0,0,1
383,1.0,1,35.0,52.0,2,2,1,0,0,0,1,0,0,0,1,0,0,0,0,0,0,0,0,0,0,1
384,0.0,3,28.22625599477246,7.8958,1,1,0,1,0,0,1,0,0,1,0,0,0,0,0,0,0,0,0,0,0,1
385,0.0,2,18.0,73.5,1,1,0,1,0,0,1,0,0,1,0,0,0,0,0,0,0,0,0,0,0,1
386,0.0,3,1.0,46.9,0,1,0,1,0,0,1,1,0,0,0,0,0,0,0,0,0,0,0,0,0,1
387,1.0,2,36.0,13.0,1,1,1,0,0,0,1,0,1,0,0,0,0,0,0,0,0,0,0,0,0,1
388,0.0,3,28.22625599477246,7.7292,1,1,0,1,0,1,0,0,0,1,0,0,0,0,0,0,0,0,0,0,0,1
389,1.0,2,17.0,12.0,1,1,1,0,1,0,0,0,1,0,0,0,0,0,0,0,0,0,0,0,0,1
390,1.0,1,36.0,120.0,2,2,0,1,0,0,1,0,0,1,0,0,0,0,1,0,0,0,0,0,0,0
391,1.0,3,21.0,7.7958,1,1,0,1,0,0,1,0,0,1,0,0,0,0,0,0,0,0,0,0,0,1
392,0.0,3,28.0,7.925,2,1,0,1,0,0,1,0,0,1,0,0,0,0,0,0,0,0,0,0,0,1
393,1.0,1,23.0,113.275,2,2,1,0,1,0,0,0,1,0,0,0,0,0,0,0,1,0,0,0,0,0
394,1.0,3,24.0,16.7,2,2,1,0,0,0,1,0,0,0,1,0,0,0,0,0,0,0,0,1,0,0
395,0.0,3,22.0,7.7958,1,1,0,1,0,0,1,0,0,1,0,0,0,0,0,0,0,0,0,0,0,1
396,0.0,3,31.0,7.8542,1,1,1,0,0,0,1,0,1,0,0,0,0,0,0,0,0,0,0,0,0,1
397,0.0,2,46.0,26.0,1,2,0,1,0,0,1,0,0,1,0,0,0,0,0,0,0,0,0,0,0,1
398,0.0,2,23.0,10.5,1,1,0,1,0,0,1,0,0,0,0,1,0,0,0,0,0,0,0,0,0,1
399,1.0,2,28.0,12.65,1,1,1,0,0,0,1,0,0,0,1,0,0,0,0,0,0,0,0,0,0,1
400,1.0,3,39.0,7.925,1,1,0,1,0,0,1,0,0,1,0,0,0,0,0,0,0,0,0,0,0,1
401,0.0,3,26.0,8.05,1,1,0,1,0,0,1,0,0,1,0,0,0,0,0,0,0,0,0,0,0,1
402,0.0,3,21.0,9.825,2,1,1,0,0,0,1,0,1,0,0,0,0,0,0,0,0,0,0,0,0,1
403,0.0,3,28.0,15.85,2,2,0,1,0,0,1,0,0,1,0,0,0,0,0,0,0,0,0,0,0,1
404,0.0,3,20.0,8.6625,1,1,1,0,0,0,1,0,1,0,0,0,0,0,0,0,0,0,0,0,0,1
405,0.0,2,34.0,21.0,2,2,0,1,0,0,1,0,0,1,0,0,0,0,0,0,0,0,0,0,0,1
406,0.0,3,51.0,7.75,1,1,0,1,0,0,1,0,0,1,0,0,0,0,0,0,0,0,0,0,0,1
407,1.0,2,3.0,18.75,2,2,0,1,0,0,1,1,0,0,0,0,0,0,0,0,0,0,0,0,0,1
408,0.0,3,21.0,7.775,1,1,0,1,0,0,1,0,0,1,0,0,0,0,0,0,0,0,0,0,0,1
409,0.0,3,17.33372950649182,25.4667,1,1,1,0,0,0,1,0,1,0,0,0,0,0,0,0,0,0,0,0,0,1
410,0.0,3,28.22625599477246,7.8958,1,1,0,1,0,0,1,0,0,1,0,0,0,0,0,0,0,0,0,0,0,1
411,0.0,3,28.22625599477246,6.8583,1,1,0,1,0,1,0,0,0,1,0,0,0,0,0,0,0,0,0,0,0,1
412,1.0,1,33.0,90.0,2,2,1,0,0,1,0,0,1,0,0,0,0,0,0,1,0,0,0,0,0,0
413,0.0,2,32.535640595957396,0.0,1,2,0,1,0,0,1,0,0,1,0,0,0,0,0,0,0,0,0,0,0,1
414,1.0,3,44.0,7.925,1,1,0,1,0,0,1,0,0,1,0,0,0,0,0,0,0,0,0,0,0,1
415,0.0,3,32.49434306285119,8.05,1,1,1,0,0,0,1,0,0,0,1,0,0,0,0,0,0,0,0,0,0,1
416,1.0,2,34.0,32.5,2,2,1,0,0,0,1,0,0,0,1,0,0,0,0,0,0,0,0,0,0,1
417,1.0,2,18.0,13.0,2,1,1,0,0,0,1,0,1,0,0,0,0,0,0,0,0,0,0,0,0,1
418,0.0,2,30.0,13.0,1,1,0,1,0,0,1,0,0,1,0,0,0,0,0,0,0,0,0,0,0,1
419,0.0,3,10.0,24.15,2,2,1,0,0,0,1,0,1,0,0,0,0,0,0,0,0,0,0,0,0,1
420,0.0,3,28.22625599477246,7.8958,1,1,0,1,1,0,0,0,0,1,0,0,0,0,0,0,0,0,0,0,0,1
421,0.0,3,21.0,7.7333,1,1,0,1,0,1,0,0,0,1,0,0,0,0,0,0,0,0,0,0,0,1
422,0.0,3,29.0,7.875,1,1,0,1,0,0,1,0,0,1,0,0,0,0,0,0,0,0,0,0,0,1
423,0.0,3,28.0,14.4,2,2,1,0,0,0,1,0,0,0,1,0,0,0,0,0,0,0,0,0,0,1
424,0.0,3,18.0,20.2125,2,2,0,1,0,0,1,0,0,1,0,0,0,0,0,0,0,0,0,0,0,1
425,0.0,3,28.22625599477246,7.25,1,1,0,1,0,0,1,0,0,1,0,0,0,0,0,0,0,0,0,0,0,1
426,1.0,2,28.0,26.0,2,2,1,0,0,0,1,0,0,0,1,0,0,0,0,0,0,0,0,0,0,1
427,1.0,2,19.0,26.0,1,2,1,0,0,0,1,0,1,0,0,0,0,0,0,0,0,0,0,0,0,1
428,0.0,3,28.22625599477246,7.75,1,1,0,1,0,1,0,0,0,1,0,0,0,0,0,0,0,0,0,0,0,1
429,1.0,3,32.0,8.05,1,1,0,1,0,0,1,0,0,1,0,0,0,0,0,0,0,1,0,0,0,0
430,1.0,1,28.0,26.55,1,1,0,1,0,0,1,0,0,1,0,0,0,0,0,1,0,0,0,0,0,0
431,1.0,3,32.49434306285119,16.1,2,2,1,0,0,0,1,0,0,0,1,0,0,0,0,0,0,0,0,0,0,1
432,1.0,2,42.0,26.0,2,2,1,0,0,0,1,0,0,0,1,0,0,0,0,0,0,0,0,0,0,1
433,0.0,3,17.0,7.125,1,1,0,1,0,0,1,0,0,1,0,0,0,0,0,0,0,0,0,0,0,1
434,0.0,1,50.0,55.9,2,2,0,1,0,0,1,0,0,1,0,0,0,0,0,0,0,1,0,0,0,0
435,1.0,1,14.0,120.0,2,2,1,0,0,0,1,0,1,0,0,0,0,0,1,0,0,0,0,0,0,0
436,0.0,3,21.0,34.375,1,1,1,0,0,0,1,0,1,0,0,0,0,0,0,0,0,0,0,0,0,1
437,1.0,2,24.0,18.75,1,2,1,0,0,0,1,0,0,0,1,0,0,0,0,0,0,0,0,0,0,1
438,0.0,1,64.0,263.0,1,1,0,1,0,0,1,0,0,1,0,0,0,0,0,1,0,0,0,0,0,0
439,0.0,2,31.0,10.5,1,1,0,1,0,0,1,0,0,1,0,0,0,0,0,0,0,0,0,0,0,1
440,1.0,2,45.0,26.25,2,2,1,0,0,0,1,0,0,0,1,0,0,0,0,0,0,0,0,0,0,1
441,0.0,3,20.0,9.5,1,1,0,1,0,0,1,0,0,1,0,0,0,0,0,0,0,0,0,0,0,1
442,0.0,3,25.0,7.775,2,1,0,1,0,0,1,0,0,1,0,0,0,0,0,0,0,0,0,0,0,1
443,1.0,2,28.0,13.0,1,1,1,0,0,0,1,0,0,0,1,0,0,0,0,0,0,0,0,0,0,1
444,1.0,3,28.22625599477246,8.1125,1,1,0,1,0,0,1,0,0,1,0,0,0,0,0,0,0,0,0,0,0,1
445,1.0,1,4.0,81.8583,2,2,0,1,0,0,1,1,0,0,0,0,0,1,0,0,0,0,0,0,0,0
446,1.0,2,13.0,19.5,2,2,1,0,0,0,1,0,1,0,0,0,0,0,0,0,0,0,0,0,0,1
447,1.0,1,34.0,26.55,1,1,0,1,0,0,1,0,0,1,0,0,0,0,0,0,0,0,0,0,0,1
448,1.0,3,5.0,19.2583,2,2,1,0,1,0,0,0,1,0,0,0,0,0,0,0,0,0,0,0,0,1
449,1.0,1,52.0,30.5,1,1,0,1,0,0,1,0,0,0,0,1,0,0,0,1,0,0,0,0,0,0
450,0.0,2,36.0,27.75,2,2,0,1,0,0,1,0,0,1,0,0,0,0,0,0,0,0,0,0,0,1
451,0.0,3,28.22625599477246,19.9667,2,1,0,1,0,0,1,0,0,1,0,0,0,0,0,0,0,0,0,0,0,1
452,0.0,1,30.0,27.75,1,1,0,1,1,0,0,0,0,1,0,0,0,0,0,1,0,0,0,0,0,0
453,1.0,1,49.0,89.1042,2,2,0,1,1,0,0,0,0,1,0,0,0,0,0,1,0,0,0,0,0,0
454,0.0,3,28.22625599477246,8.05,1,1,0,1,0,0,1,0,0,1,0,0,0,0,0,0,0,0,0,0,0,1
455,1.0,3,29.0,7.8958,1,1,0,1,1,0,0,0,0,1,0,0,0,0,0,0,0,0,0,0,0,1
456,0.0,1,65.0,26.55,1,1,0,1,0,0,1,0,0,1,0,0,0,0,0,0,0,1,0,0,0,0
457,1.0,1,43.11469647488398,51.8625,2,2,1,0,0,0,1,0,0,0,1,0,0,0,0,0,1,0,0,0,0,0
458,1.0,2,50.0,10.5,1,1,1,0,0,0,1,0,1,0,0,0,0,0,0,0,0,0,0,0,0,1
459,0.0,3,28.22625599477246,7.75,1,1,0,1,0,1,0,0,0,1,0,0,0,0,0,0,0,0,0,0,0,1
460,1.0,1,48.0,26.55,1,1,0,1,0,0,1,0,0,1,0,0,0,0,0,0,0,1,0,0,0,0
461,0.0,3,34.0,8.05,1,1,0,1,0,0,1,0,0,1,0,0,0,0,0,0,0,0,0,0,0,1
462,0.0,1,47.0,38.5,1,1,0,1,0,0,1,0,0,1,0,0,0,0,0,0,0,1,0,0,0,0
463,0.0,2,48.0,13.0,1,1,0,1,0,0,1,0,0,1,0,0,0,0,0,0,0,0,0,0,0,1
464,0.0,3,28.22625599477246,8.05,1,1,0,1,0,0,1,0,0,1,0,0,0,0,0,0,0,0,0,0,0,1
465,0.0,3,38.0,7.05,1,1,0,1,0,0,1,0,0,1,0,0,0,0,0,0,0,0,0,0,0,1
466,0.0,2,32.535640595957396,0.0,1,2,0,1,0,0,1,0,0,1,0,0,0,0,0,0,0,0,0,0,0,1
467,0.0,1,56.0,26.55,1,1,0,1,0,0,1,0,0,1,0,0,0,0,0,0,0,0,0,0,0,1
468,0.0,3,28.22625599477246,7.725,1,1,0,1,0,1,0,0,0,1,0,0,0,0,0,0,0,0,0,0,0,1
469,1.0,3,0.75,19.2583,2,2,1,0,1,0,0,0,1,0,0,0,0,0,0,0,0,0,0,0,0,1
470,0.0,3,28.22625599477246,7.25,1,1,0,1,0,0,1,0,0,1,0,0,0,0,0,0,0,0,0,0,0,1
471,0.0,3,38.0,8.6625,1,1,0,1,0,0,1,0,0,1,0,0,0,0,0,0,0,0,0,0,0,1
472,1.0,2,33.0,27.75,2,2,1,0,0,0,1,0,0,0,1,0,0,0,0,0,0,0,0,0,0,1
473,1.0,2,23.0,13.7917,1,1,1,0,1,0,0,0,0,0,1,0,0,0,0,0,1,0,0,0,0,0
474,0.0,3,22.0,9.8375,1,1,1,0,0,0,1,0,1,0,0,0,0,0,0,0,0,0,0,0,0,1
475,0.0,1,41.51911940270861,52.0,1,2,0,1,0,0,1,0,0,1,0,0,0,1,0,0,0,0,0,0,0,0
476,0.0,2,34.0,21.0,2,2,0,1,0,0,1,0,0,1,0,0,0,0,0,0,0,0,0,0,0,1
477,0.0,3,29.0,7.0458,2,1,0,1,0,0,1,0,0,1,0,0,0,0,0,0,0,0,0,0,0,1
478,0.0,3,22.0,7.5208,1,1,0,1,0,0,1,0,0,1,0,0,0,0,0,0,0,0,0,0,0,1
479,1.0,3,2.0,12.2875,2,2,1,0,0,0,1,0,1,0,0,0,0,0,0,0,0,0,0,0,0,1
480,0.0,3,9.0,46.9,0,1,0,1,0,0,1,1,0,0,0,0,0,0,0,0,0,0,0,0,0,1
481,0.0,2,32.535640595957396,0.0,1,1,0,1,0,0,1,0,0,1,0,0,0,0,0,0,0,0,0,0,0,1
482,0.0,3,50.0,8.05,1,1,0,1,0,0,1,0,0,1,0,0,0,0,0,0,0,0,0,0,0,1
483,1.0,3,63.0,9.5875,1,1,1,0,0,0,1,0,0,0,1,0,0,0,0,0,0,0,0,0,0,1
484,1.0,1,25.0,91.0792,2,2,0,1,1,0,0,0,0,1,0,0,0,0,1,0,0,0,0,0,0,0
485,0.0,3,17.33372950649182,25.4667,1,1,1,0,0,0,1,0,1,0,0,0,0,0,0,0,0,0,0,0,0,1
486,1.0,1,35.0,90.0,2,2,1,0,0,0,1,0,0,0,1,0,0,0,0,1,0,0,0,0,0,0
487,0.0,1,58.0,29.7,1,1,0,1,1,0,0,0,0,1,0,0,0,0,1,0,0,0,0,0,0,0
488,0.0,3,30.0,8.05,1,1,0,1,0,0,1,0,0,1,0,0,0,0,0,0,0,0,0,0,0,1
489,1.0,3,9.0,15.9,2,2,0,1,0,0,1,1,0,0,0,0,0,0,0,0,0,0,0,0,0,1
490,0.0,3,28.22625599477246,19.9667,2,1,0,1,0,0,1,0,0,1,0,0,0,0,0,0,0,0,0,0,0,1
491,0.0,3,21.0,7.25,1,1,0,1,0,0,1,0,0,1,0,0,0,0,0,0,0,0,0,0,0,1
492,0.0,1,55.0,30.5,1,1,0,1,0,0,1,0,0,1,0,0,0,0,0,1,0,0,0,0,0,0
493,0.0,1,71.0,49.5042,1,1,0,1,1,0,0,0,0,1,0,0,0,0,0,0,0,0,0,0,0,1
494,0.0,3,21.0,8.05,1,1,0,1,0,0,1,0,0,1,0,0,0,0,0,0,0,0,0,0,0,1
495,0.0,3,28.22625599477246,14.4583,1,2,0,1,1,0,0,0,0,1,0,0,0,0,0,0,0,0,0,0,0,1
496,1.0,1,54.0,78.2667,2,2,1,0,1,0,0,0,1,0,0,0,0,0,0,0,1,0,0,0,0,0
497,0.0,3,28.22625599477246,15.1,1,2,0,1,0,0,1,0,0,1,0,0,0,0,0,0,0,0,0,0,0,1
498,0.0,1,25.0,151.55,2,1,1,0,0,0,1,0,0,0,1,0,0,0,0,1,0,0,0,0,0,0
499,0.0,3,24.0,7.7958,1,1,0,1,0,0,1,0,0,1,0,0,0,0,0,0,0,0,0,0,0,1
500,0.0,3,17.0,8.6625,1,1,0,1,0,0,1,0,0,1,0,0,0,0,0,0,0,0,0,0,0,1
501,0.0,3,21.0,7.75,1,1,1,0,0,1,0,0,1,0,0,0,0,0,0,0,0,0,0,0,0,1
502,0.0,3,17.33372950649182,7.6292,1,1,1,0,0,1,0,0,1,0,0,0,0,0,0,0,0,0,0,0,0,1
503,0.0,3,37.0,9.5875,1,1,1,0,0,0,1,0,1,0,0,0,0,0,0,0,0,0,0,0,0,1
504,1.0,1,16.0,86.5,1,2,1,0,0,0,1,0,1,0,0,0,0,0,1,0,0,0,0,0,0,0
505,0.0,1,18.0,108.9,2,2,0,1,1,0,0,0,0,1,0,0,0,0,0,1,0,0,0,0,0,0
506,1.0,2,33.0,26.0,2,2,1,0,0,0,1,0,0,0,1,0,0,0,0,0,0,0,0,0,0,1
507,1.0,1,41.51911940270861,26.55,1,1,0,1,0,0,1,0,0,1,0,0,0,0,0,0,0,0,0,0,0,1
508,0.0,3,28.0,22.525,1,2,0,1,0,0,1,0,0,1,0,0,0,0,0,0,0,0,0,0,0,1
509,1.0,3,26.0,56.4958,1,1,0,1,0,0,1,0,0,1,0,0,0,0,0,0,0,0,0,0,0,1
510,1.0,3,29.0,7.75,1,1,0,1,0,1,0,0,0,1,0,0,0,0,0,0,0,0,0,0,0,1
511,0.0,3,28.22625599477246,8.05,1,1,0,1,0,0,1,0,0,1,0,0,0,0,0,0,0,0,0,0,0,1
512,1.0,1,36.0,26.2875,1,1,0,1,0,0,1,0,0,1,0,0,0,0,0,0,0,1,0,0,0,0
513,1.0,1,54.0,59.4,2,2,1,0,1,0,0,0,0,0,1,0,0,0,0,0,0,0,0,0,0,1
514,0.0,3,24.0,7.4958,1,1,0,1,0,0,1,0,0,1,0,0,0,0,0,0,0,0,0,0,0,1
515,0.0,1,47.0,34.0208,1,1,0,1,0,0,1,0,0,1,0,0,0,0,0,0,1,0,0,0,0,0
516,1.0,2,34.0,10.5,1,1,1,0,0,0,1,0,0,0,1,0,0,0,0,0,0,0,1,0,0,0
517,0.0,3,28.22625599477246,24.15,1,2,0,1,0,1,0,0,0,1,0,0,0,0,0,0,0,0,0,0,0,1
518,1.0,2,36.0,26.0,2,2,1,0,0,0,1,0,0,0,1,0,0,0,0,0,0,0,0,0,0,1
519,0.0,3,32.0,7.8958,1,1,0,1,0,0,1,0,0,1,0,0,0,0,0,0,0,0,0,0,0,1
520,1.0,1,30.0,93.5,1,2,1,0,0,0,1,0,1,0,0,0,0,0,1,0,0,0,0,0,0,0
521,0.0,3,22.0,7.8958,1,1,0,1,0,0,1,0,0,1,0,0,0,0,0,0,0,0,0,0,0,1
522,0.0,3,28.22625599477246,7.225,1,1,0,1,1,0,0,0,0,1,0,0,0,0,0,0,0,0,0,0,0,1
523,1.0,1,44.0,57.9792,2,2,1,0,1,0,0,0,0,0,1,0,0,0,1,0,0,0,0,0,0,0
524,0.0,3,28.22625599477246,7.2292,1,1,0,1,1,0,0,0,0,1,0,0,0,0,0,0,0,0,0,0,0,1
525,0.0,3,40.5,7.75,1,1,0,1,0,1,0,0,0,1,0,0,0,0,0,0,0,0,0,0,0,1
526,1.0,2,50.0,10.5,1,1,1,0,0,0,1,0,1,0,0,0,0,0,0,0,0,0,0,0,0,1
527,0.0,1,41.51911940270861,221.7792,1,2,0,1,0,0,1,0,0,1,0,0,0,0,0,1,0,0,0,0,0,0
528,0.0,3,39.0,7.925,1,1,0,1,0,0,1,0,0,1,0,0,0,0,0,0,0,0,0,0,0,1
529,0.0,2,23.0,11.5,2,1,0,1,0,0,1,0,0,1,0,0,0,0,0,0,0,0,0,0,0,1
530,1.0,2,2.0,26.0,2,2,1,0,0,0,1,0,1,0,0,0,0,0,0,0,0,0,0,0,0,1
531,0.0,3,28.22625599477246,7.2292,1,1,0,1,1,0,0,0,0,1,0,0,0,0,0,0,0,0,0,0,0,1
532,0.0,3,17.0,7.2292,2,1,0,1,1,0,0,0,0,1,0,0,0,0,0,0,0,0,0,0,0,1
533,1.0,3,32.49434306285119,22.3583,2,2,1,0,1,0,0,0,0,0,1,0,0,0,0,0,0,0,0,0,0,1
534,0.0,3,30.0,8.6625,1,1,1,0,0,0,1,0,1,0,0,0,0,0,0,0,0,0,0,0,0,1
535,1.0,2,7.0,26.25,2,2,1,0,0,0,1,0,1,0,0,0,0,0,0,0,0,0,0,0,0,1
536,0.0,1,45.0,26.55,1,1,0,1,0,0,1,0,0,0,0,1,0,0,1,0,0,0,0,0,0,0
537,1.0,1,30.0,106.425,1,2,1,0,1,0,0,0,1,0,0,0,0,0,0,0,0,0,0,0,0,1
538,0.0,3,28.22625599477246,14.5,1,2,0,1,0,0,1,0,0,1,0,0,0,0,0,0,0,0,0,0,0,1
539,1.0,1,22.0,49.5,2,1,1,0,1,0,0,0,1,0,0,0,0,0,1,0,0,0,0,0,0,0
540,1.0,1,36.0,71.0,2,2,1,0,0,0,1,0,1,0,0,0,0,0,1,0,0,0,0,0,0,0
541,0.0,3,9.0,31.275,1,1,1,0,0,0,1,0,1,0,0,0,0,0,0,0,0,0,0,0,0,1
542,0.0,3,11.0,31.275,1,1,1,0,0,0,1,0,1,0,0,0,0,0,0,0,0,0,0,0,0,1
543,1.0,2,32.0,26.0,2,2,0,1,0,0,1,0,0,1,0,0,0,0,0,0,0,0,0,0,0,1
544,0.0,1,50.0,106.425,2,2,0,1,1,0,0,0,0,1,0,0,0,0,0,1,0,0,0,0,0,0
545,0.0,1,64.0,26.0,1,1,0,1,0,0,1,0,0,1,0,0,0,0,0,0,0,0,0,0,0,1
546,1.0,2,19.0,26.0,2,2,1,0,0,0,1,0,0,0,1,0,0,0,0,0,0,0,0,0,0,1
547,1.0,2,32.535640595957396,13.8625,1,1,0,1,1,0,0,0,0,1,0,0,0,0,0,0,0,0,0,0,0,1
548,0.0,3,33.0,20.525,2,2,0,1,0,0,1,0,0,1,0,0,0,0,0,0,0,0,0,0,0,1
549,1.0,2,8.0,36.75,2,2,0,1,0,0,1,1,0,0,0,0,0,0,0,0,0,0,0,0,0,1
550,1.0,1,17.0,110.8833,2,2,0,1,1,0,0,0,0,1,0,0,0,0,0,1,0,0,0,0,0,0
551,0.0,2,27.0,26.0,1,2,0,1,0,0,1,0,0,1,0,0,0,0,0,0,0,0,0,0,0,1
552,0.0,3,28.22625599477246,7.8292,1,1,0,1,0,1,0,0,0,1,0,0,0,0,0,0,0,0,0,0,0,1
553,1.0,3,22.0,7.225,1,1,0,1,1,0,0,0,0,1,0,0,0,0,0,0,0,0,0,0,0,1
554,1.0,3,22.0,7.775,1,1,1,0,0,0,1,0,1,0,0,0,0,0,0,0,0,0,0,0,0,1
555,0.0,1,62.0,26.55,1,1,0,1,0,0,1,0,0,1,0,0,0,0,0,0,0,0,0,0,0,1
556,1.0,1,48.0,39.6,2,1,1,0,1,0,0,0,0,0,0,0,1,1,0,0,0,0,0,0,0,0
557,0.0,1,41.51911940270861,227.525,1,1,0,1,1,0,0,0,0,1,0,0,0,0,0,0,0,0,0,0,0,1
558,1.0,1,39.0,79.65,2,2,1,0,0,0,1,0,0,0,1,0,0,0,0,0,0,1,0,0,0,0
559,1.0,3,36.0,17.4,2,2,1,0,0,0,1,0,0,0,1,0,0,0,0,0,0,0,0,0,0,1
560,0.0,3,28.22625599477246,7.75,1,1,0,1,0,1,0,0,0,1,0,0,0,0,0,0,0,0,0,0,0,1
561,0.0,3,40.0,7.8958,1,1,0,1,0,0,1,0,0,1,0,0,0,0,0,0,0,0,0,0,0,1
562,0.0,2,28.0,13.5,1,1,0,1,0,0,1,0,0,1,0,0,0,0,0,0,0,0,0,0,0,1
563,0.0,3,28.22625599477246,8.05,1,1,0,1,0,0,1,0,0,1,0,0,0,0,0,0,0,0,0,0,0,1
564,0.0,3,17.33372950649182,8.05,1,1,1,0,0,0,1,0,1,0,0,0,0,0,0,0,0,0,0,0,0,1
565,0.0,3,24.0,24.15,2,2,0,1,0,0,1,0,0,1,0,0,0,0,0,0,0,0,0,0,0,1
566,0.0,3,19.0,7.8958,1,1,0,1,0,0,1,0,0,1,0,0,0,0,0,0,0,0,0,0,0,1
567,0.0,3,29.0,21.075,1,1,1,0,0,0,1,0,0,0,1,0,0,0,0,0,0,0,0,0,0,1
568,0.0,3,28.22625599477246,7.2292,1,1,0,1,1,0,0,0,0,1,0,0,0,0,0,0,0,0,0,0,0,1
569,1.0,3,32.0,7.8542,1,1,0,1,0,0,1,0,0,1,0,0,0,0,0,0,0,0,0,0,0,1
570,1.0,2,62.0,10.5,1,1,0,1,0,0,1,0,0,1,0,0,0,0,0,0,0,0,0,0,0,1
571,1.0,1,53.0,51.4792,2,2,1,0,0,0,1,0,0,0,1,0,0,0,0,1,0,0,0,0,0,0
572,1.0,1,36.0,26.3875,1,1,0,1,0,0,1,0,0,1,0,0,0,0,0,0,0,1,0,0,0,0
573,1.0,3,17.33372950649182,7.75,1,1,1,0,0,1,0,0,1,0,0,0,0,0,0,0,0,0,0,0,0,1
574,0.0,3,16.0,8.05,1,1,0,1,0,0,1,0,0,1,0,0,0,0,0,0,0,0,0,0,0,1
575,0.0,3,19.0,14.5,1,2,0,1,0,0,1,0,0,1,0,0,0,0,0,0,0,0,0,0,0,1
576,1.0,2,34.0,13.0,1,1,1,0,0,0,1,0,1,0,0,0,0,0,0,0,0,0,0,0,0,1
577,1.0,1,39.0,55.9,2,2,1,0,0,0,1,0,0,0,1,0,0,0,0,0,0,1,0,0,0,0
578,0.0,3,32.49434306285119,14.4583,2,2,1,0,1,0,0,0,0,0,1,0,0,0,0,0,0,0,0,0,0,1
579,1.0,3,32.0,7.925,1,1,0,1,0,0,1,0,0,1,0,0,0,0,0,0,0,0,0,0,0,1
580,1.0,2,25.0,30.0,2,2,1,0,0,0,1,0,1,0,0,0,0,0,0,0,0,0,0,0,0,1
581,1.0,1,39.0,110.8833,2,2,1,0,1,0,0,0,0,0,1,0,0,0,0,1,0,0,0,0,0,0
582,0.0,2,54.0,26.0,1,2,0,1,0,0,1,0,0,1,0,0,0,0,0,0,0,0,0,0,0,1
583,0.0,1,36.0,40.125,1,1,0,1,1,0,0,0,0,1,0,0,0,1,0,0,0,0,0,0,0,0
584,0.0,3,28.22625599477246,8.7125,1,1,0,1,1,0,0,0,0,1,0,0,0,0,0,0,0,0,0,0,0,1
585,1.0,1,18.0,79.65,2,2,1,0,0,0,1,0,1,0,0,0,0,0,0,0,0,1,0,0,0,0
586,0.0,2,47.0,15.0,1,1,0,1,0,0,1,0,0,1,0,0,0,0,0,0,0,0,0,0,0,1
587,1.0,1,60.0,79.2,2,2,0,1,1,0,0,0,0,1,0,0,0,0,1,0,0,0,0,0,0,0
588,0.0,3,22.0,8.05,1,1,0,1,0,0,1,0,0,1,0,0,0,0,0,0,0,0,0,0,0,1
589,0.0,3,28.22625599477246,8.05,1,1,0,1,0,0,1,0,0,1,0,0,0,0,0,0,0,0,0,0,0,1
590,0.0,3,35.0,7.125,1,1,0,1,0,0,1,0,0,1,0,0,0,0,0,0,0,0,0,0,0,1
591,1.0,1,52.0,78.2667,2,2,1,0,1,0,0,0,0,0,1,0,0,0,0,0,1,0,0,0,0,0
592,0.0,3,47.0,7.25,1,1,0,1,0,0,1,0,0,1,0,0,0,0,0,0,0,0,0,0,0,1
593,0.0,3,17.33372950649182,7.75,2,1,1,0,0,1,0,0,1,0,0,0,0,0,0,0,0,0,0,0,0,1
594,0.0,2,37.0,26.0,2,2,0,1,0,0,1,0,0,1,0,0,0,0,0,0,0,0,0,0,0,1
595,0.0,3,36.0,24.15,2,2,0,1,0,0,1,0,0,1,0,0,0,0,0,0,0,0,0,0,0,1
596,1.0,2,20.675191385898447,33.0,1,2,1,0,0,0,1,0,1,0,0,0,0,0,0,0,0,0,0,0,0,1
597,0.0,3,49.0,0.0,1,2,0,1,0,0,1,0,0,1,0,0,0,0,0,0,0,0,0,0,0,1
598,0.0,3,28.22625599477246,7.225,1,1,0,1,1,0,0,0,0,1,0,0,0,0,0,0,0,0,0,0,0,1
599,1.0,1,49.0,56.9292,2,2,0,1,1,0,0,0,0,0,0,0,1,1,0,0,0,0,0,0,0,0
600,1.0,2,24.0,27.0,2,2,1,0,0,0,1,0,0,0,1,0,0,0,0,0,0,0,0,0,0,1
601,0.0,3,28.22625599477246,7.8958,1,1,0,1,0,0,1,0,0,1,0,0,0,0,0,0,0,0,0,0,0,1
602,0.0,1,41.51911940270861,42.4,1,2,0,1,0,0,1,0,0,1,0,0,0,0,0,0,0,0,0,0,0,1
603,0.0,3,44.0,8.05,1,1,0,1,0,0,1,0,0,1,0,0,0,0,0,0,0,0,0,0,0,1
604,1.0,1,35.0,26.55,1,1,0,1,1,0,0,0,0,1,0,0,0,0,0,0,0,0,0,0,0,1
605,0.0,3,36.0,15.55,2,2,0,1,0,0,1,0,0,1,0,0,0,0,0,0,0,0,0,0,0,1
606,0.0,3,30.0,7.8958,1,1,0,1,0,0,1,0,0,1,0,0,0,0,0,0,0,0,0,0,0,1
607,1.0,1,27.0,30.5,1,1,0,1,0,0,1,0,0,1,0,0,0,0,0,0,0,0,0,0,0,1
608,1.0,2,22.0,41.5792,2,2,1,0,1,0,0,0,0,0,1,0,0,0,0,0,0,0,0,0,0,1
609,1.0,1,40.0,153.4625,1,2,1,0,0,0,1,0,1,0,0,0,0,0,0,1,0,0,0,0,0,0
610,0.0,3,39.0,31.275,1,1,1,0,0,0,1,0,0,0,1,0,0,0,0,0,0,0,0,0,0,1
611,0.0,3,28.22625599477246,7.05,1,1,0,1,0,0,1,0,0,1,0,0,0,0,0,0,0,0,0,0,0,1
612,1.0,3,17.33372950649182,15.5,2,2,1,0,0,1,0,0,1,0,0,0,0,0,0,0,0,0,0,0,0,1
613,0.0,3,28.22625599477246,7.75,1,1,0,1,0,1,0,0,0,1,0,0,0,0,0,0,0,0,0,0,0,1
614,0.0,3,35.0,8.05,1,1,0,1,0,0,1,0,0,1,0,0,0,0,0,0,0,0,0,0,0,1
615,1.0,2,24.0,65.0,2,1,1,0,0,0,1,0,1,0,0,0,0,0,0,0,0,0,0,0,0,1
616,0.0,3,34.0,14.4,2,2,0,1,0,0,1,0,0,1,0,0,0,0,0,0,0,0,0,0,0,1
617,0.0,3,26.0,16.1,2,2,1,0,0,0,1,0,0,0,1,0,0,0,0,0,0,0,0,0,0,1
618,1.0,2,4.0,39.0,2,2,1,0,0,0,1,0,1,0,0,0,0,0,0,0,0,0,1,0,0,0
619,0.0,2,26.0,10.5,1,1,0,1,0,0,1,0,0,1,0,0,0,0,0,0,0,0,0,0,0,1
620,0.0,3,27.0,14.4542,2,2,0,1,1,0,0,0,0,1,0,0,0,0,0,0,0,0,0,0,0,1
621,1.0,1,42.0,52.5542,2,2,0,1,0,0,1,0,0,1,0,0,0,0,0,0,1,0,0,0,0,0
622,1.0,3,20.0,15.7417,2,2,0,1,1,0,0,0,0,1,0,0,0,0,0,0,0,0,0,0,0,1
623,0.0,3,21.0,7.8542,1,1,0,1,0,0,1,0,0,1,0,0,0,0,0,0,0,0,0,0,0,1
624,0.0,3,21.0,16.1,1,2,0,1,0,0,1,0,0,1,0,0,0,0,0,0,0,0,0,0,0,1
625,0.0,1,61.0,32.3208,1,1,0,1,0,0,1,0,0,1,0,0,0,0,0,0,1,0,0,0,0,0
626,0.0,2,57.0,12.35,1,1,0,1,0,1,0,0,0,0,0,1,0,0,0,0,0,0,0,0,0,1
627,1.0,1,21.0,77.9583,1,2,1,0,0,0,1,0,1,0,0,0,0,0,0,0,1,0,0,0,0,0
628,0.0,3,26.0,7.8958,1,1,0,1,0,0,1,0,0,1,0,0,0,0,0,0,0,0,0,0,0,1
629,0.0,3,28.22625599477246,7.7333,1,1,0,1,0,1,0,0,0,1,0,0,0,0,0,0,0,0,0,0,0,1
630,1.0,1,80.0,30.0,1,1,0,1,0,0,1,0,0,1,0,0,0,1,0,0,0,0,0,0,0,0
631,0.0,3,51.0,7.0542,1,1,0,1,0,0,1,0,0,1,0,0,0,0,0,0,0,0,0,0,0,1
632,1.0,1,32.0,30.5,1,1,0,1,1,0,0,0,0,0,0,1,0,0,1,0,0,0,0,0,0,0
633,0.0,1,41.51911940270861,0.0,1,1,0,1,0,0,1,0,0,1,0,0,0,0,0,0,0,0,0,0,0,1
634,0.0,3,9.0,27.9,1,1,1,0,0,0,1,0,1,0,0,0,0,0,0,0,0,0,0,0,0,1
635,1.0,2,28.0,13.0,1,1,1,0,0,0,1,0,1,0,0,0,0,0,0,0,0,0,0,0,0,1
636,0.0,3,32.0,7.925,1,1,0,1,0,0,1,0,0,1,0,0,0,0,0,0,0,0,0,0,0,1
637,0.0,2,31.0,26.25,2,2,0,1,0,0,1,0,0,1,0,0,0,0,0,0,0,0,0,0,0,1
638,0.0,3,41.0,39.6875,1,1,1,0,0,0,1,0,0,0,1,0,0,0,0,0,0,0,0,0,0,1
639,0.0,3,28.22625599477246,16.1,2,2,0,1,0,0,1,0,0,1,0,0,0,0,0,0,0,0,0,0,0,1
640,0.0,3,20.0,7.8542,1,1,0,1,0,0,1,0,0,1,0,0,0,0,0,0,0,0,0,0,0,1
641,1.0,1,24.0,69.3,1,2,1,0,1,0,0,0,1,0,0,0,0,0,1,0,0,0,0,0,0,0
642,0.0,3,2.0,27.9,1,1,1,0,0,0,1,0,1,0,0,0,0,0,0,0,0,0,0,0,0,1
643,1.0,3,28.22625599477246,56.4958,1,1,0,1,0,0,1,0,0,1,0,0,0,0,0,0,0,0,0,0,0,1
644,1.0,3,0.75,19.2583,2,2,1,0,1,0,0,0,1,0,0,0,0,0,0,0,0,0,0,0,0,1
645,1.0,1,48.0,76.7292,2,2,0,1,1,0,0,0,0,1,0,0,0,0,0,0,1,0,0,0,0,0
646,0.0,3,19.0,7.8958,1,1,0,1,0,0,1,0,0,1,0,0,0,0,0,0,0,0,0,0,0,1
647,1.0,1,56.0,35.5,1,1,0,1,1,0,0,0,0,0,0,1,0,1,0,0,0,0,0,0,0,0
648,0.0,3,28.22625599477246,7.55,1,1,0,1,0,0,1,0,0,1,0,0,0,0,0,0,0,0,0,0,0,1
649,1.0,3,23.0,7.55,1,1,1,0,0,0,1,0,1,0,0,0,0,0,0,0,0,0,0,0,0,1
650,0.0,3,28.22625599477246,7.8958,1,1,0,1,0,0,1,0,0,1,0,0,0,0,0,0,0,0,0,0,0,1
651,1.0,2,18.0,23.0,2,2,1,0,0,0,1,0,1,0,0,0,0,0,0,0,0,0,0,0,0,1
652,0.0,3,21.0,8.4333,1,1,0,1,0,0,1,0,0,1,0,0,0,0,0,0,0,0,0,0,0,1
653,1.0,3,17.33372950649182,7.8292,1,1,1,0,0,1,0,0,1,0,0,0,0,0,0,0,0,0,0,0,0,1
654,0.0,3,18.0,6.75,1,1,1,0,0,1,0,0,1,0,0,0,0,0,0,0,0,0,0,0,0,1
655,0.0,2,24.0,73.5,2,1,0,1,0,0,1,0,0,1,0,0,0,0,0,0,0,0,0,0,0,1
656,0.0,3,28.22625599477246,7.8958,1,1,0,1,0,0,1,0,0,1,0,0,0,0,0,0,0,0,0,0,0,1
657,0.0,3,32.0,15.5,2,2,1,0,0,1,0,0,0,0,1,0,0,0,0,0,0,0,0,0,0,1
658,0.0,2,23.0,13.0,1,1,0,1,0,0,1,0,0,1,0,0,0,0,0,0,0,0,0,0,0,1
659,0.0,1,58.0,113.275,2,2,0,1,1,0,0,0,0,1,0,0,0,0,0,0,1,0,0,0,0,0
660,1.0,1,50.0,133.65,2,2,0,1,0,0,1,0,0,0,0,1,0,0,0,0,0,0,0,0,0,1
661,0.0,3,40.0,7.225,1,1,0,1,1,0,0,0,0,1,0,0,0,0,0,0,0,0,0,0,0,1
662,0.0,1,47.0,25.5875,1,1,0,1,0,0,1,0,0,1,0,0,0,0,0,0,0,1,0,0,0,0
663,0.0,3,36.0,7.4958,1,1,0,1,0,0,1,0,0,1,0,0,0,0,0,0,0,0,0,0,0,1
664,1.0,3,20.0,7.925,2,1,0,1,0,0,1,0,0,1,0,0,0,0,0,0,0,0,0,0,0,1
665,0.0,2,32.0,73.5,2,1,0,1,0,0,1,0,0,1,0,0,0,0,0,0,0,0,0,0,0,1
666,0.0,2,25.0,13.0,1,1,0,1,0,0,1,0,0,1,0,0,0,0,0,0,0,0,0,0,0,1
667,0.0,3,28.22625599477246,7.775,1,1,0,1,0,0,1,0,0,1,0,0,0,0,0,0,0,0,0,0,0,1
668,0.0,3,43.0,8.05,1,1,0,1,0,0,1,0,0,1,0,0,0,0,0,0,0,0,0,0,0,1
669,1.0,1,43.11469647488398,52.0,2,2,1,0,0,0,1,0,0,0,1,0,0,0,0,1,0,0,0,0,0,0
670,1.0,2,40.0,39.0,2,2,1,0,0,0,1,0,0,0,1,0,0,0,0,0,0,0,0,0,0,1
671,0.0,1,31.0,52.0,2,2,0,1,0,0,1,0,0,1,0,0,0,0,1,0,0,0,0,0,0,0
672,0.0,2,70.0,10.5,1,1,0,1,0,0,1,0,0,1,0,0,0,0,0,0,0,0,0,0,0,1
673,1.0,2,31.0,13.0,1,1,0,1,0,0,1,0,0,1,0,0,0,0,0,0,0,0,0,0,0,1
674,0.0,2,32.535640595957396,0.0,1,1,0,1,0,0,1,0,0,1,0,0,0,0,0,0,0,0,0,0,0,1
675,0.0,3,18.0,7.775,1,1,0,1,0,0,1,0,0,1,0,0,0,0,0,0,0,0,0,0,0,1
676,0.0,3,24.5,8.05,1,1,0,1,0,0,1,0,0,1,0,0,0,0,0,0,0,0,0,0,0,1
677,1.0,3,18.0,9.8417,1,1,1,0,0,0,1,0,1,0,0,0,0,0,0,0,0,0,0,0,0,1
678,0.0,3,43.0,46.9,0,1,1,0,0,0,1,0,0,0,1,0,0,0,0,0,0,0,0,0,0,1
679,1.0,1,36.0,512.3292,2,2,0,1,1,0,0,0,0,1,0,0,0,0,1,0,0,0,0,0,0,0
680,0.0,3,17.33372950649182,8.1375,1,1,1,0,0,1,0,0,1,0,0,0,0,0,0,0,0,0,0,0,0,1
681,1.0,1,27.0,76.7292,1,2,0,1,1,0,0,0,0,1,0,0,0,0,0,0,1,0,0,0,0,0
682,0.0,3,20.0,9.225,1,1,0,1,0,0,1,0,0,1,0,0,0,0,0,0,0,0,0,0,0,1
683,0.0,3,14.0,46.9,0,1,0,1,0,0,1,0,0,1,0,0,0,0,0,0,0,0,0,0,0,1
684,0.0,2,60.0,39.0,2,2,0,1,0,0,1,0,0,1,0,0,0,0,0,0,0,0,0,0,0,1
685,0.0,2,25.0,41.5792,2,2,0,1,1,0,0,0,0,1,0,0,0,0,0,0,0,0,0,0,0,1
686,0.0,3,14.0,39.6875,1,1,0,1,0,0,1,0,0,1,0,0,0,0,0,0,0,0,0,0,0,1
687,0.0,3,19.0,10.1708,1,1,0,1,0,0,1,0,0,1,0,0,0,0,0,0,0,0,0,0,0,1
688,0.0,3,18.0,7.7958,1,1,0,1,0,0,1,0,0,1,0,0,0,0,0,0,0,0,0,0,0,1
689,1.0,1,15.0,211.3375,2,2,1,0,0,0,1,0,1,0,0,0,0,0,1,0,0,0,0,0,0,0
690,1.0,1,31.0,57.0,2,2,0,1,0,0,1,0,0,1,0,0,0,0,1,0,0,0,0,0,0,0
691,1.0,3,4.0,13.4167,2,2,1,0,1,0,0,0,1,0,0,0,0,0,0,0,0,0,0,0,0,1
692,1.0,3,28.22625599477246,56.4958,1,1,0,1,0,0,1,0,0,1,0,0,0,0,0,0,0,0,0,0,0,1
693,0.0,3,25.0,7.225,1,1,0,1,1,0,0,0,0,1,0,0,0,0,0,0,0,0,0,0,0,1
694,0.0,1,60.0,26.55,1,1,0,1,0,0,1,0,0,0,0,1,0,0,0,0,0,0,0,0,0,1
695,0.0,2,52.0,13.5,1,1,0,1,0,0,1,0,0,1,0,0,0,0,0,0,0,0,0,0,0,1
696,0.0,3,44.0,8.05,1,1,0,1,0,0,1,0,0,1,0,0,0,0,0,0,0,0,0,0,0,1
697,1.0,3,17.33372950649182,7.7333,1,1,1,0,0,1,0,0,1,0,0,0,0,0,0,0,0,0,0,0,0,1
698,0.0,1,49.0,110.8833,2,2,0,1,1,0,0,0,0,1,0,0,0,0,0,1,0,0,0,0,0,0
699,0.0,3,42.0,7.65,1,1,0,1,0,0,1,0,0,1,0,0,0,0,0,0,0,0,1,0,0,0
700,1.0,1,18.0,227.525,2,1,1,0,1,0,0,0,0,0,1,0,0,0,0,1,0,0,0,0,0,0
701,1.0,1,35.0,26.2875,1,1,0,1,0,0,1,0,0,1,0,0,0,0,0,0,0,1,0,0,0,0
702,0.0,3,18.0,14.4542,2,2,1,0,1,0,0,0,1,0,0,0,0,0,0,0,0,0,0,0,0,1
703,0.0,3,25.0,7.7417,1,1,0,1,0,1,0,0,0,1,0,0,0,0,0,0,0,0,0,0,0,1
704,0.0,3,26.0,7.8542,2,1,0,1,0,0,1,0,0,1,0,0,0,0,0,0,0,0,0,0,0,1
705,0.0,2,39.0,26.0,1,2,0,1,0,0,1,0,0,1,0,0,0,0,0,0,0,0,0,0,0,1
706,1.0,2,45.0,13.5,1,1,1,0,0,0,1,0,0,0,1,0,0,0,0,0,0,0,0,0,0,1
707,1.0,1,42.0,26.2875,1,1,0,1,0,0,1,0,0,1,0,0,0,0,0,0,0,1,0,0,0,0
708,1.0,1,22.0,151.55,1,1,1,0,0,0,1,0,1,0,0,0,0,0,0,0,0,0,0,0,0,1
709,1.0,3,6.035598611570745,15.2458,2,2,0,1,1,0,0,1,0,0,0,0,0,0,0,0,0,0,0,0,0,1
710,1.0,1,24.0,49.5042,1,1,1,0,1,0,0,0,1,0,0,0,0,0,0,1,0,0,0,0,0,0
711,0.0,1,41.51911940270861,26.55,1,1,0,1,0,0,1,0,0,1,0,0,0,0,0,1,0,0,0,0,0,0
712,1.0,1,48.0,52.0,2,2,0,1,0,0,1,0,0,1,0,0,0,0,0,1,0,0,0,0,0,0
713,0.0,3,29.0,9.4833,1,1,0,1,0,0,1,0,0,1,0,0,0,0,0,0,0,0,0,0,0,1
714,0.0,2,52.0,13.0,1,2,0,1,0,0,1,0,0,1,0,0,0,0,0,0,0,0,0,0,0,1
715,0.0,3,19.0,7.65,1,1,0,1,0,0,1,0,0,1,0,0,0,0,0,0,0,0,1,0,0,0
716,1.0,1,38.0,227.525,1,1,1,0,1,0,0,0,1,0,0,0,0,0,0,1,0,0,0,0,0,0
717,1.0,2,27.0,10.5,1,1,1,0,0,0,1,0,1,0,0,0,0,0,0,0,0,1,0,0,0,0
718,0.0,3,28.22625599477246,15.5,1,2,0,1,0,1,0,0,0,1,0,0,0,0,0,0,0,0,0,0,0,1
719,0.0,3,33.0,7.775,1,1,0,1,0,0,1,0,0,1,0,0,0,0,0,0,0,0,0,0,0,1
720,1.0,2,6.0,33.0,2,2,1,0,0,0,1,0,1,0,0,0,0,0,0,0,0,0,0,0,0,1
721,0.0,3,17.0,7.0542,2,1,0,1,0,0,1,0,0,1,0,0,0,0,0,0,0,0,0,0,0,1
722,0.0,2,34.0,13.0,1,1,0,1,0,0,1,0,0,1,0,0,0,0,0,0,0,0,0,0,0,1
723,0.0,2,50.0,13.0,1,1,0,1,0,0,1,0,0,1,0,0,0,0,0,0,0,0,0,0,0,1
724,1.0,1,27.0,53.1,2,2,0,1,0,0,1,0,0,1,0,0,0,0,0,0,0,1,0,0,0,0
725,0.0,3,20.0,8.6625,1,1,0,1,0,0,1,0,0,1,0,0,0,0,0,0,0,0,0,0,0,1
726,1.0,2,30.0,21.0,2,2,1,0,0,0,1,0,0,0,1,0,0,0,0,0,0,0,0,0,0,1
727,1.0,3,17.33372950649182,7.7375,1,1,1,0,0,1,0,0,1,0,0,0,0,0,0,0,0,0,0,0,0,1
728,0.0,2,25.0,26.0,2,2,0,1,0,0,1,0,0,1,0,0,0,0,0,0,0,0,0,0,0,1
729,0.0,3,25.0,7.925,2,1,1,0,0,0,1,0,1,0,0,0,0,0,0,0,0,0,0,0,0,1
730,1.0,1,29.0,211.3375,1,2,1,0,0,0,1,0,1,0,0,0,0,0,1,0,0,0,0,0,0,0
731,0.0,3,11.0,18.7875,1,2,0,1,1,0,0,0,0,1,0,0,0,0,0,0,0,0,0,0,0,1
732,0.0,2,32.535640595957396,0.0,1,1,0,1,0,0,1,0,0,1,0,0,0,0,0,0,0,0,0,0,0,1
733,0.0,2,23.0,13.0,1,1,0,1,0,0,1,0,0,1,0,0,0,0,0,0,0,0,0,0,0,1
734,0.0,2,23.0,13.0,1,1,0,1,0,0,1,0,0,1,0,0,0,0,0,0,0,0,0,0,0,1
735,0.0,3,28.5,16.1,1,2,0,1,0,0,1,0,0,1,0,0,0,0,0,0,0,0,0,0,0,1
736,0.0,3,48.0,34.375,1,1,1,0,0,0,1,0,0,0,1,0,0,0,0,0,0,0,0,0,0,1
737,1.0,1,35.0,512.3292,1,2,0,1,1,0,0,0,0,1,0,0,0,0,1,0,0,0,0,0,0,0
738,0.0,3,28.22625599477246,7.8958,1,1,0,1,0,0,1,0,0,1,0,0,0,0,0,0,0,0,0,0,0,1
739,0.0,3,28.22625599477246,7.8958,1,1,0,1,0,0,1,0,0,1,0,0,0,0,0,0,0,0,0,0,0,1
740,1.0,1,41.51911940270861,30.0,1,1,0,1,0,0,1,0,0,1,0,0,0,0,0,0,1,0,0,0,0,0
741,0.0,1,36.0,78.85,2,2,0,1,0,0,1,0,0,1,0,0,0,0,0,1,0,0,0,0,0,0
742,1.0,1,21.0,262.375,1,1,1,0,1,0,0,0,1,0,0,0,0,0,1,0,0,0,0,0,0,0
743,0.0,3,24.0,16.1,2,2,0,1,0,0,1,0,0,1,0,0,0,0,0,0,0,0,0,0,0,1
744,1.0,3,31.0,7.925,1,1,0,1,0,0,1,0,0,1,0,0,0,0,0,0,0,0,0,0,0,1
745,0.0,1,70.0,71.0,2,2,0,1,0,0,1,0,0,0,0,1,0,0,1,0,0,0,0,0,0,0
746,0.0,3,16.0,20.25,2,2,0,1,0,0,1,0,0,1,0,0,0,0,0,0,0,0,0,0,0,1
747,1.0,2,30.0,13.0,1,1,1,0,0,0,1,0,1,0,0,0,0,0,0,0,0,0,0,0,0,1
748,0.0,1,19.0,53.1,2,2,0,1,0,0,1,0,0,1,0,0,0,0,0,0,1,0,0,0,0,0
749,0.0,3,31.0,7.75,1,1,0,1,0,1,0,0,0,1,0,0,0,0,0,0,0,0,0,0,0,1
750,1.0,2,4.0,23.0,2,2,1,0,0,0,1,0,1,0,0,0,0,0,0,0,0,0,0,0,0,1
751,1.0,3,6.0,12.475,2,2,0,1,0,0,1,1,0,0,0,0,0,0,0,0,0,1,0,0,0,0
752,0.0,3,33.0,9.5,1,1,0,1,0,0,1,0,0,1,0,0,0,0,0,0,0,0,0,0,0,1
753,0.0,3,23.0,7.8958,1,1,0,1,0,0,1,0,0,1,0,0,0,0,0,0,0,0,0,0,0,1
754,1.0,2,48.0,65.0,2,1,1,0,0,0,1,0,0,0,1,0,0,0,0,0,0,0,0,0,0,1
755,1.0,2,0.67,14.5,2,2,0,1,0,0,1,1,0,0,0,0,0,0,0,0,0,0,0,0,0,1
756,0.0,3,28.0,7.7958,1,1,0,1,0,0,1,0,0,1,0,0,0,0,0,0,0,0,0,0,0,1
757,0.0,2,18.0,11.5,1,1,0,1,0,0,1,0,0,1,0,0,0,0,0,0,0,0,0,0,0,1
758,0.0,3,34.0,8.05,1,1,0,1,0,0,1,0,0,1,0,0,0,0,0,0,0,0,0,0,0,1
759,1.0,1,33.0,86.5,1,2,1,0,0,0,1,0,0,0,0,0,1,0,1,0,0,0,0,0,0,0
760,0.0,3,28.22625599477246,14.5,1,2,0,1,0,0,1,0,0,1,0,0,0,0,0,0,0,0,0,0,0,1
761,0.0,3,41.0,7.125,1,1,0,1,0,0,1,0,0,1,0,0,0,0,0,0,0,0,0,0,0,1
762,1.0,3,20.0,7.2292,1,1,0,1,1,0,0,0,0,1,0,0,0,0,0,0,0,0,0,0,0,1
763,1.0,1,36.0,120.0,2,2,1,0,0,0,1,0,0,0,1,0,0,0,1,0,0,0,0,0,0,0
764,0.0,3,16.0,7.775,1,1,0,1,0,0,1,0,0,1,0,0,0,0,0,0,0,0,0,0,0,1
765,1.0,1,51.0,77.9583,2,2,1,0,0,0,1,0,0,0,1,0,0,0,0,0,1,0,0,0,0,0
766,0.0,1,50.91784355513766,39.6,1,1,0,1,1,0,0,0,0,0,0,1,0,0,0,0,0,0,0,0,0,1
767,0.0,3,30.5,7.75,1,1,1,0,0,1,0,0,1,0,0,0,0,0,0,0,0,0,0,0,0,1
768,0.0,3,28.22625599477246,24.15,2,2,0,1,0,1,0,0,0,1,0,0,0,0,0,0,0,0,0,0,0,1
769,0.0,3,32.0,8.3625,1,1,0,1,0,0,1,0,0,1,0,0,0,0,0,0,0,0,0,0,0,1
770,0.0,3,24.0,9.5,1,1,0,1,0,0,1,0,0,1,0,0,0,0,0,0,0,0,0,0,0,1
771,0.0,3,48.0,7.8542,1,1,0,1,0,0,1,0,0,1,0,0,0,0,0,0,0,0,0,0,0,1
772,0.0,2,57.0,10.5,1,2,1,0,0,0,1,0,0,0,1,0,0,0,0,0,0,1,0,0,0,0
773,0.0,3,28.22625599477246,7.225,1,1,0,1,1,0,0,0,0,1,0,0,0,0,0,0,0,0,0,0,0,1
774,1.0,2,54.0,23.0,1,2,1,0,0,0,1,0,0,0,1,0,0,0,0,0,0,0,0,0,0,1
775,0.0,3,18.0,7.75,1,1,0,1,0,0,1,0,0,1,0,0,0,0,0,0,0,0,0,0,0,1
776,0.0,3,28.22625599477246,7.75,1,1,0,1,0,1,0,0,0,1,0,0,0,0,0,0,0,0,1,0,0,0
777,1.0,3,5.0,12.475,1,2,1,0,0,0,1,0,1,0,0,0,0,0,0,0,0,0,0,0,0,1
778,0.0,3,28.22625599477246,7.7375,1,1,0,1,0,1,0,0,0,1,0,0,0,0,0,0,0,0,0,0,0,1
779,1.0,1,43.0,211.3375,2,2,1,0,0,0,1,0,0,0,1,0,0,0,1,0,0,0,0,0,0,0
780,1.0,3,13.0,7.2292,1,1,1,0,1,0,0,0,1,0,0,0,0,0,0,0,0,0,0,0,0,1
781,1.0,1,17.0,57.0,2,2,1,0,0,0,1,0,0,0,1,0,0,0,1,0,0,0,0,0,0,0
782,0.0,1,29.0,30.0,1,1,0,1,0,0,1,0,0,1,0,0,0,0,0,0,1,0,0,0,0,0
783,0.0,3,28.22625599477246,23.45,2,2,0,1,0,0,1,0,0,1,0,0,0,0,0,0,0,0,0,0,0,1
784,0.0,3,25.0,7.05,1,1,0,1,0,0,1,0,0,1,0,0,0,0,0,0,0,0,0,0,0,1
785,0.0,3,25.0,7.25,1,1,0,1,0,0,1,0,0,1,0,0,0,0,0,0,0,0,0,0,0,1
786,1.0,3,18.0,7.4958,1,1,1,0,0,0,1,0,1,0,0,0,0,0,0,0,0,0,0,0,0,1
787,0.0,3,8.0,29.125,1,1,0,1,0,1,0,1,0,0,0,0,0,0,0,0,0,0,0,0,0,1
788,1.0,3,1.0,20.575,2,2,0,1,0,0,1,1,0,0,0,0,0,0,0,0,0,0,0,0,0,1
789,0.0,1,46.0,79.2,1,2,0,1,1,0,0,0,0,1,0,0,0,0,1,0,0,0,0,0,0,0
790,0.0,3,28.22625599477246,7.75,1,1,0,1,0,1,0,0,0,1,0,0,0,0,0,0,0,0,0,0,0,1
791,0.0,2,16.0,26.0,1,2,0,1,0,0,1,0,0,1,0,0,0,0,0,0,0,0,0,0,0,1
792,0.0,3,17.33372950649182,69.55,0,0,1,0,0,0,1,0,1,0,0,0,0,0,0,0,0,0,0,0,0,1
793,0.0,1,41.51911940270861,30.6958,1,1,0,1,1,0,0,0,0,1,0,0,0,0,0,0,0,0,0,0,0,1
794,0.0,3,25.0,7.8958,1,1,0,1,0,0,1,0,0,1,0,0,0,0,0,0,0,0,0,0,0,1
795,0.0,2,39.0,13.0,1,1,0,1,0,0,1,0,0,1,0,0,0,0,0,0,0,0,0,0,0,1
796,1.0,1,49.0,25.9292,1,1,1,0,0,0,1,0,0,0,0,1,0,0,0,0,1,0,0,0,0,0
797,1.0,3,31.0,8.6833,1,1,1,0,0,0,1,0,0,0,1,0,0,0,0,0,0,0,0,0,0,1
798,0.0,3,30.0,7.2292,1,1,0,1,1,0,0,0,0,1,0,0,0,0,0,0,0,0,0,0,0,1
799,0.0,3,30.0,24.15,2,2,1,0,0,0,1,0,0,0,1,0,0,0,0,0,0,0,0,0,0,1
800,0.0,2,34.0,13.0,1,2,0,1,0,0,1,0,0,1,0,0,0,0,0,0,0,0,0,0,0,1
801,1.0,2,31.0,26.25,2,2,1,0,0,0,1,0,0,0,1,0,0,0,0,0,0,0,0,0,0,1
802,1.0,1,11.0,120.0,2,2,0,1,0,0,1,1,0,0,0,0,0,0,1,0,0,0,0,0,0,0
803,1.0,3,0.42,8.5167,2,2,0,1,1,0,0,1,0,0,0,0,0,0,0,0,0,0,0,0,0,1
804,1.0,3,27.0,6.975,1,1,0,1,0,0,1,0,0,1,0,0,0,0,0,0,0,0,0,0,0,1
805,0.0,3,31.0,7.775,1,1,0,1,0,0,1,0,0,1,0,0,0,0,0,0,0,0,0,0,0,1
806,0.0,1,39.0,0.0,1,1,0,1,0,0,1,0,0,1,0,0,0,1,0,0,0,0,0,0,0,0
807,0.0,3,18.0,7.775,1,1,1,0,0,0,1,0,1,0,0,0,0,0,0,0,0,0,0,0,0,1
808,0.0,2,39.0,13.0,1,1,0,1,0,0,1,0,0,1,0,0,0,0,0,0,0,0,0,0,0,1
809,1.0,1,33.0,53.1,2,2,1,0,0,0,1,0,0,0,1,0,0,0,0,0,0,1,0,0,0,0
810,0.0,3,26.0,7.8875,1,1,0,1,0,0,1,0,0,1,0,0,0,0,0,0,0,0,0,0,0,1
811,0.0,3,39.0,24.15,1,2,0,1,0,0,1,0,0,1,0,0,0,0,0,0,0,0,0,0,0,1
812,0.0,2,35.0,10.5,1,1,0,1,0,0,1,0,0,1,0,0,0,0,0,0,0,0,0,0,0,1
813,0.0,3,6.0,31.275,1,1,1,0,0,0,1,0,1,0,0,0,0,0,0,0,0,0,0,0,0,1
814,0.0,3,30.5,8.05,1,1,0,1,0,0,1,0,0,1,0,0,0,0,0,0,0,0,0,0,0,1
815,0.0,1,41.51911940270861,0.0,1,2,0,1,0,0,1,0,0,1,0,0,0,0,1,0,0,0,0,0,0,0
816,0.0,3,23.0,7.925,1,1,1,0,0,0,1,0,1,0,0,0,0,0,0,0,0,0,0,0,0,1
817,0.0,2,31.0,37.0042,2,2,0,1,1,0,0,0,0,1,0,0,0,0,0,0,0,0,0,0,0,1
818,0.0,3,43.0,6.45,1,1,0,1,0,0,1,0,0,1,0,0,0,0,0,0,0,0,0,0,0,1
819,0.0,3,10.0,27.9,1,1,0,1,0,0,1,1,0,0,0,0,0,0,0,0,0,0,0,0,0,1
820,1.0,1,52.0,93.5,2,2,1,0,0,0,1,0,0,0,1,0,0,0,1,0,0,0,0,0,0,0
821,1.0,3,27.0,8.6625,1,1,0,1,0,0,1,0,0,1,0,0,0,0,0,0,0,0,0,0,0,1
822,0.0,1,38.0,0.0,1,1,0,1,0,0,1,1,0,0,0,0,0,0,0,0,0,0,0,0,0,1
823,1.0,3,27.0,12.475,2,2,1,0,0,0,1,0,0,0,1,0,0,0,0,0,0,1,0,0,0,0
824,0.0,3,2.0,39.6875,1,1,0,1,0,0,1,1,0,0,0,0,0,0,0,0,0,0,0,0,0,1
825,0.0,3,28.22625599477246,6.95,1,1,0,1,0,1,0,0,0,1,0,0,0,0,0,0,0,0,0,0,0,1
826,0.0,3,28.22625599477246,56.4958,1,1,0,1,0,0,1,0,0,1,0,0,0,0,0,0,0,0,0,0,0,1
827,1.0,2,1.0,37.0042,2,2,0,1,1,0,0,1,0,0,0,0,0,0,0,0,0,0,0,0,0,1
828,1.0,3,28.22625599477246,7.75,1,1,0,1,0,1,0,0,0,1,0,0,0,0,0,0,0,0,0,0,0,1
829,1.0,1,62.0,80.0,1,2,1,0,1,0,0,0,0,0,1,0,0,0,1,0,0,0,0,0,0,0
830,1.0,3,15.0,14.4542,2,2,1,0,1,0,0,0,0,0,1,0,0,0,0,0,0,0,0,0,0,1
831,1.0,2,0.83,18.75,2,2,0,1,0,0,1,1,0,0,0,0,0,0,0,0,0,0,0,0,0,1
832,0.0,3,28.22625599477246,7.2292,1,1,0,1,1,0,0,0,0,1,0,0,0,0,0,0,0,0,0,0,0,1
833,0.0,3,23.0,7.8542,1,1,0,1,0,0,1,0,0,1,0,0,0,0,0,0,0,0,0,0,0,1
834,0.0,3,18.0,8.3,1,1,0,1,0,0,1,0,0,1,0,0,0,0,0,0,0,0,0,0,0,1
835,1.0,1,39.0,83.1583,2,2,1,0,1,0,0,0,1,0,0,0,0,0,0,0,0,1,0,0,0,0
836,0.0,3,21.0,8.6625,1,1,0,1,0,0,1,0,0,1,0,0,0,0,0,0,0,0,0,0,0,1
837,0.0,3,28.22625599477246,8.05,1,1,0,1,0,0,1,0,0,1,0,0,0,0,0,0,0,0,0,0,0,1
838,1.0,3,32.0,56.4958,1,1,0,1,0,0,1,0,0,1,0,0,0,0,0,0,0,0,0,0,0,1
839,1.0,1,41.51911940270861,29.7,1,1,0,1,1,0,0,0,0,1,0,0,0,0,0,1,0,0,0,0,0,0
840,0.0,3,20.0,7.925,1,1,0,1,0,0,1,0,0,1,0,0,0,0,0,0,0,0,0,0,0,1
841,0.0,2,16.0,10.5,1,2,0,1,0,0,1,0,0,1,0,0,0,0,0,0,0,0,0,0,0,1
842,1.0,1,30.0,31.0,1,2,1,0,1,0,0,0,1,0,0,0,0,0,0,0,0,0,0,0,0,1
843,0.0,3,34.5,6.4375,1,1,0,1,1,0,0,0,0,1,0,0,0,0,0,0,0,0,0,0,0,1
844,0.0,3,17.0,8.6625,1,1,0,1,0,0,1,0,0,1,0,0,0,0,0,0,0,0,0,0,0,1
845,0.0,3,42.0,7.55,1,1,0,1,0,0,1,0,0,1,0,0,0,0,0,0,0,0,0,0,0,1
846,0.0,3,28.22625599477246,69.55,0,0,0,1,0,0,1,0,0,1,0,0,0,0,0,0,0,0,0,0,0,1
847,0.0,3,35.0,7.8958,1,1,0,1,1,0,0,0,0,1,0,0,0,0,0,0,0,0,0,0,0,1
848,0.0,2,28.0,33.0,2,2,0,1,0,0,1,0,0,0,0,1,0,0,0,0,0,0,0,0,0,1
849,1.0,1,43.11469647488398,89.1042,2,2,1,0,1,0,0,0,0,0,1,0,0,0,0,1,0,0,0,0,0,0
850,0.0,3,4.0,31.275,1,1,0,1,0,0,1,1,0,0,0,0,0,0,0,0,0,0,0,0,0,1
851,0.0,3,74.0,7.775,1,1,0,1,0,0,1,0,0,1,0,0,0,0,0,0,0,0,0,0,0,1
852,0.0,3,9.0,15.2458,2,2,1,0,1,0,0,0,1,0,0,0,0,0,0,0,0,0,0,0,0,1
853,1.0,1,16.0,39.4,2,2,1,0,0,0,1,0,1,0,0,0,0,0,0,0,1,0,0,0,0,0
854,0.0,2,44.0,26.0,2,2,1,0,0,0,1,0,0,0,1,0,0,0,0,0,0,0,0,0,0,1
855,1.0,3,18.0,9.35,2,2,1,0,0,0,1,0,0,0,1,0,0,0,0,0,0,0,0,0,0,1
856,1.0,1,45.0,164.8667,2,2,1,0,0,0,1,0,0,0,1,0,0,0,0,0,0,0,0,0,0,1
857,1.0,1,51.0,26.55,1,1,0,1,0,0,1,0,0,1,0,0,0,0,0,0,0,1,0,0,0,0
858,1.0,3,24.0,19.2583,2,2,1,0,1,0,0,0,0,0,1,0,0,0,0,0,0,0,0,0,0,1
859,0.0,3,28.22625599477246,7.2292,1,1,0,1,1,0,0,0,0,1,0,0,0,0,0,0,0,0,0,0,0,1
860,0.0,3,41.0,14.1083,2,2,0,1,0,0,1,0,0,1,0,0,0,0,0,0,0,0,0,0,0,1
861,0.0,2,21.0,11.5,2,1,0,1,0,0,1,0,0,1,0,0,0,0,0,0,0,0,0,0,0,1
862,1.0,1,48.0,25.9292,1,1,1,0,0,0,1,0,0,0,1,0,0,0,0,0,1,0,0,0,0,0
863,0.0,3,17.33372950649182,69.55,0,0,1,0,0,0,1,0,1,0,0,0,0,0,0,0,0,0,0,0,0,1
864,0.0,2,24.0,13.0,1,1,0,1,0,0,1,0,0,1,0,0,0,0,0,0,0,0,0,0,0,1
865,1.0,2,42.0,13.0,1,1,1,0,0,0,1,0,0,0,1,0,0,0,0,0,0,0,0,0,0,1
866,1.0,2,27.0,13.8583,2,1,1,0,1,0,0,0,1,0,0,0,0,0,0,0,0,0,0,0,0,1
867,0.0,1,31.0,50.4958,1,1,0,1,0,0,1,0,0,1,0,0,0,1,0,0,0,0,0,0,0,0
868,0.0,3,28.22625599477246,9.5,1,1,0,1,0,0,1,0,0,1,0,0,0,0,0,0,0,0,0,0,0,1
869,1.0,3,4.0,11.1333,2,2,0,1,0,0,1,1,0,0,0,0,0,0,0,0,0,0,0,0,0,1
870,0.0,3,26.0,7.8958,1,1,0,1,0,0,1,0,0,1,0,0,0,0,0,0,0,0,0,0,0,1
871,1.0,1,47.0,52.5542,2,2,1,0,0,0,1,0,0,0,1,0,0,0,0,0,1,0,0,0,0,0
872,0.0,1,33.0,5.0,1,1,0,1,0,0,1,0,0,1,0,0,0,0,1,0,0,0,0,0,0,0
873,0.0,3,47.0,9.0,1,1,0,1,0,0,1,0,0,1,0,0,0,0,0,0,0,0,0,0,0,1
874,1.0,2,28.0,24.0,2,2,1,0,1,0,0,0,0,0,1,0,0,0,0,0,0,0,0,0,0,1
875,1.0,3,15.0,7.225,1,1,1,0,1,0,0,0,1,0,0,0,0,0,0,0,0,0,0,0,0,1
876,0.0,3,20.0,9.8458,1,2,0,1,0,0,1,0,0,1,0,0,0,0,0,0,0,0,0,0,0,1
877,0.0,3,19.0,7.8958,1,1,0,1,0,0,1,0,0,1,0,0,0,0,0,0,0,0,0,0,0,1
878,0.0,3,28.22625599477246,7.8958,1,1,0,1,0,0,1,0,0,1,0,0,0,0,0,0,0,0,0,0,0,1
879,1.0,1,56.0,83.1583,2,2,1,0,1,0,0,0,0,0,1,0,0,0,0,1,0,0,0,0,0,0
880,1.0,2,25.0,26.0,2,2,1,0,0,0,1,0,0,0,1,0,0,0,0,0,0,0,0,0,0,1
881,0.0,3,33.0,7.8958,1,1,0,1,0,0,1,0,0,1,0,0,0,0,0,0,0,0,0,0,0,1
882,0.0,3,22.0,10.5167,1,1,1,0,0,0,1,0,1,0,0,0,0,0,0,0,0,0,0,0,0,1
883,0.0,2,28.0,10.5,1,1,0,1,0,0,1,0,0,1,0,0,0,0,0,0,0,0,0,0,0,1
884,0.0,3,25.0,7.05,1,1,0,1,0,0,1,0,0,1,0,0,0,0,0,0,0,0,0,0,0,1
885,0.0,3,39.0,29.125,1,1,1,0,0,1,0,0,0,0,1,0,0,0,0,0,0,0,0,0,0,1
886,0.0,2,27.0,13.0,1,1,0,1,0,0,1,0,0,0,0,1,0,0,0,0,0,0,0,0,0,1
887,1.0,1,19.0,30.0,1,1,1,0,0,0,1,0,1,0,0,0,0,0,1,0,0,0,0,0,0,0
888,0.0,3,17.33372950649182,23.45,2,2,1,0,0,0,1,0,1,0,0,0,0,0,0,0,0,0,0,0,0,1
889,1.0,1,26.0,30.0,1,1,0,1,1,0,0,0,0,1,0,0,0,0,0,1,0,0,0,0,0,0
890,0.0,3,32.0,7.75,1,1,0,1,0,1,0,0,0,1,0,0,0,0,0,0,0,0,0,0,0,1
